O14639,S452-gl
P68133,S201-gl
Q13443,S758-gl
Q13443,T761-gl
Q13443,T777-gl
Q09666,S5603-gl
P31749,S126-gl
P31749,S129-gl
P31749,T305-gl
P31749,T308-gl
P31749,T312-gl
P31749,S473-gl
Q13950,S32-gl
Q13950,S33-gl
Q13950,S371-gl
P16157,S288-gl
P16157,S794-gl
P16157,S960-gl
P16157,S1162-gl
Q12955,T1624-gl
Q12955,S1625-gl
Q12955,T1628-gl
Q12955,T1629-gl
Q12955,S1632-gl
P29972,S236-gl
Q8WWM7,S678-gl
Q8WWM7,S684-gl
P18846,S189-gl
Q6W2J9,S365-gl
O60885,S1215-gl
Q9UPA5,T2313-gl
Q9UPA5,T2314-gl
Q9UPA5,T2315-gl
Q9UPA5,T2932-gl
P00915,S130-gl
P00915,S218-gl
Q16790,T115-gl
Q16566,T57-gl
Q16566,S58-gl
Q16566,S137-gl
Q16566,S189-gl
Q16566,S344-gl
Q16566,S345-gl
Q16566,S356-gl
Q96KX2,T2-gl
P04040,S114-gl
P04040,S254-gl
Q8TCZ2,S40-gl
Q8TCZ2,S41-gl
Q8TCZ2,T99-gl
Q8TCZ2,T100-gl
Q8TCZ2,T101-gl
Q8TCZ2,T102-gl
Q8TCZ2,T107-gl
Q8TCZ2,T108-gl
Q9NYV4,T592-gl
Q9NYV4,S597-gl
Q9NXV6,T323-gl
Q9NXV6,S349-gl
Q9NXV6,T379-gl
O95832,T191-gl
O95832,S192-gl
O95832,S205-gl
O95832,S206-gl
O00151,T94-gl
P02489,S162-gl
P02511,T170-gl
P14923,T14-gl
Q9H467,S254-gl
Q9H467,T255-gl
Q6MZP7,S238-gl
P33316,T124-gl
P33316,T127-gl
Q15125,T2-gl
Q15125,T3-gl
P18146,S120-gl
Q04637,S61-gl
P50402,S53-gl
P50402,S54-gl
P50402,S87-gl
P50402,S171-gl
P50402,S173-gl
Q7Z589,S228-gl
Q7Z589,S236-gl
Q7Z589,T271-gl
Q7Z589,T501-gl
Q7Z589,T506-gl
Q7Z589,T534-gl
Q7Z589,T535-gl
Q7Z589,S557-gl
Q7Z589,T1120-gl
P29474,S1177-gl
O43768,T93-gl
O43768,T99-gl
P16452,S82-gl
P11171,S491-gl
Q15910,S76-gl
Q12830,S1749-gl
Q12830,T1753-gl
Q12830,S2081-gl
Q12830,T2094-gl
Q12830,T2103-gl
Q6UN15,T253-gl
Q6UN15,T275-gl
Q6UN15,S276-gl
Q8N3X1,S797-gl
Q12778,T317-gl
Q12778,S318-gl
Q12778,S550-gl
Q12778,T648-gl
Q12778,S654-gl
Q8WXI9,S584-gl
Q8WXI9,S586-gl
P11166,S465-gl
Q9UKD1,T404-gl
P49685,S359-gl
Q12849,S100-gl
Q12849,S105-gl
Q12849,T114-gl
P78417,S13-gl
P02724,T36-gl
P02724,S38-gl
P33778,S112-gl
P69905,S4-gl
P69905,S36-gl
P69905,S134-gl
P68871,S50-gl
P68871,S73-gl
P68871,T85-gl
P51610,T490-gl
P51610,T495-gl
P51610,S562-gl
P51610,S563-gl
P51610,S569-gl
P51610,T579-gl
P51610,S620-gl
P51610,S622-gl
P51610,S623-gl
P51610,T625-gl
P51610,T651-gl
P51610,T652-gl
P51610,S685-gl
P51610,T694-gl
P51610,T726-gl
P51610,T739-gl
P51610,T760-gl
P51610,T761-gl
P51610,T779-gl
P51610,T801-gl
P51610,S806-gl
P51610,T808-gl
P51610,T861-gl
P51610,T877-gl
P51610,T878-gl
P51610,T881-gl
P51610,S921-gl
P51610,T927-gl
P51610,S932-gl
P51610,T936-gl
P51610,T937-gl
P51610,T939-gl
P51610,T950-gl
P51610,S955-gl
P51610,T995-gl
P51610,T1020-gl
P51610,T1025-gl
P51610,T1030-gl
P51610,T1031-gl
P51610,T1143-gl
P51610,S1150-gl
P51610,T1239-gl
P51610,T1273-gl
P51610,T1335-gl
P51610,T1743-gl
P15822,T2325-gl
P31943,T152-gl
P26599,T25-gl
P35637,T19-gl
P24592,S204-gl
O14920,S733-gl
P35568,S984-gl
P35568,S985-gl
P35568,S1011-gl
P05106,S778-gl
P05106,T784-gl
P05783,S30-gl
P05783,S31-gl
P05783,S49-gl
P05787,S13-gl
P05787,S15-gl
P05787,S475-gl
Q9P2N6,T860-gl
Q96J84,T739-gl
Q96J84,S740-gl
P02545,S612-gl
P02545,T643-gl
Q96HC4,T110-gl
Q86X29,T185-gl
Q86X29,T316-gl
Q86X29,S317-gl
Q86X29,S326-gl
Q86X29,T327-gl
Q86X29,S332-gl
Q86X29,S371-gl
Q86X29,S418-gl
Q86X29,S424-gl
Q86X29,S432-gl
Q86X29,T435-gl
Q86X29,S436-gl
Q86X29,S444-gl
Q86X29,S447-gl
Q86X29,T453-gl
Q86X29,S464-gl
Q86X29,S546-gl
Q8WWI1,T1578-gl
P36941,T421-gl
P36941,S423-gl
P02788,S54-gl
Q7Z3D4,S252-gl
Q7Z3D4,T253-gl
Q7Z3D4,S257-gl
Q7Z3D4,S261-gl
Q7Z3D4,T279-gl
O60675,T134-gl
O60675,S153-gl
P27816,S797-gl
Q14814,S275-gl
Q8IWI9,S1557-gl
P14174,S112-gl
P14174,T113-gl
Q8IZD2,T440-gl
P55197,S269-gl
P01106,T58-gl
P12883,S1102-gl
P12883,S1299-gl
P12883,S1596-gl
P12883,S1710-gl
O75376,S1487-gl
Q04206,T305-gl
Q04206,T322-gl
Q04206,T352-gl
Q6P4R8,T750-gl
Q6P4R8,T841-gl
Q6P4R8,T1273-gl
Q14157,T782-gl
Q14157,T783-gl
Q14980,S1844-gl
P49790,S534-gl
P49790,S544-gl
P49790,S908-gl
P49790,S909-gl
P49790,S1113-gl
P49790,T1156-gl
P49790,T1179-gl
P49790,T1180-gl
P35658,T580-gl
P35658,S1056-gl
P35658,T1201-gl
P35658,S1354-gl
P52948,T184-gl
P52948,T567-gl
P52948,T568-gl
P09086,S192-gl
P09086,S272-gl
P09086,S275-gl
P09086,T302-gl
P09086,S324-gl
P09086,S372-gl
P09086,S390-gl
P09086,S395-gl
O60502,S405-gl
P10451,S49-gl
P04637,S149-gl
Q9NR12,S89-gl
Q9NR12,T239-gl
Q9NR12,S240-gl
Q9NR12,T241-gl
O15055,S566-gl
O15055,S580-gl
O15055,S653-gl
O15055,S662-gl
O15055,S668-gl
O15055,S671-gl
O15055,T734-gl
O15055,T965-gl
O15055,S983-gl
Q96Q06,S704-gl
P35232,S121-gl
P35232,T258-gl
O00625,T8-gl
Q9HAU0,S382-gl
Q7Z3K3,S244-gl
P24928,T1618-gl
Q96HA1,T693-gl
Q96HA1,S694-gl
Q96HA1,S738-gl
A8CG34,T670-gl
A8CG34,S671-gl
A8CG34,S715-gl
P49593,T448-gl
P32119,T18-gl
P32119,S112-gl
Q9Y520,T2243-gl
Q9Y520,T2693-gl
Q3MIT2,S171-gl
Q3MIT2,S173-gl
P49023-2,S74-gl
P49023-2,S83-gl
P49023-2,S84-gl
P49023-2,S85-gl
Q2KHR3,T104-gl
Q2KHR3,S105-gl
P49792,T1399-gl
P49792,S1400-gl
P49792,S1894-gl
Q9UK61,S1124-gl
Q70E73,T784-gl
Q96PK6,S244-gl
Q96PK6,S254-gl
Q96PK6,S256-gl
Q96PK6,S280-gl
Q9UPN6,T614-gl
Q9UPN6,T615-gl
Q9P2N5,S546-gl
Q9P2N5,S738-gl
A6NKT7,S919-gl
Q7Z3J3,S919-gl
Q99666,S918-gl
O14715,S918-gl
Q5VT52,S399-gl
Q5VT52,T400-gl
Q14684,S731-gl
A3KN83,T112-gl
Q96T58,T2529-gl
Q96T58,S2530-gl
Q96T58,S2811-gl
Q96T58,T2924-gl
Q99808,S63-gl
P02730,S162-gl
P02730,S224-gl
P02730,S745-gl
Q9Y618,T1569-gl
Q9Y618,T1570-gl
O95863,S112-gl
O95295,S50-gl
P37840,S87-gl
P18583,T252-gl
P18583,T253-gl
P08047,S491-gl
P08047,S612-gl
P08047,T640-gl
P08047,S641-gl
P08047,S698-gl
P08047,S702-gl
O00267,S917-gl
P02549,S844-gl
P02549,S1250-gl
P02549,S1738-gl
P11277,S671-gl
P11277,S767-gl
P11277,S1297-gl
P11277,S1652-gl
P11277,S1936-gl
Q01082,S2324-gl
Q6ZRS2,S2416-gl
P11831,S277-gl
P11831,S313-gl
P11831,S316-gl
P11831,S383-gl
P11831,T401-gl
Q9UQ35,S2236-gl
P42229,T92-gl
O95793,T362-gl
Q8N3V7,T409-gl
Q15750,S395-gl
O00268,S528-gl
Q92750,S489-gl
P10636-8,T123-gl
P10636-8,S208-gl
P10636-8,S238-gl
P10636-8,S356-gl
P10636-8,S400-gl
Q86VP1,T157-gl
Q6N021,S1518-gl
Q8WUH6,T39-gl
Q8WUH6,T46-gl
P63313,T28-gl
P63313,T31-gl
O94811,S152-gl
O94811,T155-gl
P12270,S1676-gl
Q15652,T1452-gl
Q15652,T1453-gl
Q15652,T1457-gl
P08670,S7-gl
P08670,T33-gl
P08670,S34-gl
P08670,S55-gl
Q6RFH5,T345-gl
Q6RFH5,S351-gl
Q9BYJ9,S196-gl
Q7Z739,T205-gl
Q6PJT7,T369-gl
Q6PJT7,T370-gl
Q96KR1,S148-gl
Q96KR1,T149-gl
Q96KR1,S195-gl
Q96KR1,T202-gl
Q9UKY1,S450-gl
Q9Y2X9,S891-gl
O15014,S1196-gl