P27348,K212-m1
P63104,K212-m2
O95264,R352-m1
P50406,K258-m2
P50406,K262-m2
Q12888,K135-m1
Q12888,R1162-m1
Q12888,K1175-m1
Q12888,R1396-me
Q12888,R1398-me
Q12888,R1400-me
Q12888,R1401-me
Q12888,R1403-me
Q12888,K1626-m1
Q7Z417,R291-m1
P22760,R290-m1
Q2M2I8,K317-m3
Q9BTE6-2,K378-m1
Q8WWZ7,K683-m3
P08183,K1102-m1
Q9NP78,K355-m1
Q96J66,K1265-m2
O14639,R726-m1
Q6UWZ7,R285-m2
Q9ULW3,R133-m1
M0R1G4,R71-m1
Q13085,R2047-m2
Q9UPN3,K6160-m1
Q9UPN3,R7361-m1
Q9UKV3,R8-m2
Q9UKV3,R14-m2
Q9UKV3,R29-m2
Q9UKV3,K113-m3
Q9UKV3,K143-m3
Q9UKV3,K654-m2
P53396,K964-m1
P53396,K965-m1
Q8TDX5,K256-m2
Q9ULC5,K241-m2
P68133,K52-m1
P68133,K70-m1
P68133,K217-m1
P62736,K52-m1
P62736,K70-m1
P62736,K86-m1
P62736,R97-m1
P62736,K217-m1
P60709,K50-m1
P60709,K68-m1
P60709,H73-m1
P60709,K84-m1
Q562R1,K69-m3
Q562R1,R313-m1
P68032,K52-m1
P68032,K70-m1
P68032,K217-m1
P63261,K50-m1
P63261,K68-m1
P63267,K51-m1
P63267,K69-m1
P63267,K85-m1
P63267,R96-m1
P63267,K216-m1
Q5JWF8,R74-m2
Q9Y614,K62-m2
Q9H568,R357-m2
Q9H568,R365-m2
P35609,R83-m1
P35609,K86-m1
Q08043,R90-m1
Q08043,R93-m1
Q9H981,K507-m2
Q96M93,K500-m1
Q96M93,K511-m1
Q9Y3Q7,K440-m2
Q8TC27,R551-m2
Q9BZ11,K187-m1
Q13443,R772-m1
P58397,K536-m3
Q8TE56,R864-m1
P55265,R26-m2
P55265,R91-m1
P55265,R95-m1
P55265,R114-m1
P08319,K120-m1
Q9H2P0,R306-m1
Q9H2P0,R385-m1
P30542,K214-m2
P30542,K224-m2
Q8NDY3,R268-m1
P35368,R389-m2
P35368,R393-m2
P35368,R399-m2
P35368,R403-m2
P08588,R357-m2
Q16186,K34-m1
Q16186,K42-m1
Q6ULP2,R130-m1
A6NIR3,K264-m1
Q6UWP7,R244-m2
Q6UWP7,R244-m1
Q6UWP7,R246-m1
P21549,K228-m3
Q5TGY3,R151-m1
Q5TGY3,R154-m1
Q5TGY3,R891-m1
Q09666,R270-m1
Q09666,K807-m1
Q09666,K935-m1
Q09666,K1184-m1
Q09666,K1205-m1
Q09666,K1208-m1
Q09666,K1312-m1
Q09666,K1464-m1
Q09666,K1642-m1
Q09666,K1663-m1
Q09666,K1666-m1
Q09666,K1844-m1
Q09666,K1865-m1
Q09666,K1868-m1
Q09666,K1932-m1
Q09666,K1935-m1
Q09666,K1978-m1
Q09666,K1999-m1
Q09666,K2002-m1
Q09666,K2127-m1
Q09666,K2130-m1
Q09666,K2173-m1
Q09666,K2194-m1
Q09666,K2197-m1
Q09666,K2257-m1
Q09666,K2301-m1
Q09666,K2696-m1
Q09666,K2824-m1
Q09666,K2952-m1
Q09666,K3080-m1
Q09666,K3208-m1
Q09666,K3404-m1
Q09666,K3583-m1
Q09666,K3660-m1
Q09666,K3862-m1
Q09666,K3990-m1
Q09666,K4074-m1
Q09666,K4128-m1
Q09666,K4139-m1
Q09666,K4246-m1
Q09666,K4374-m1
Q09666,K4448-m1
Q09666,K4592-m1
Q09666,K4603-m1
Q8IVF2,K994-m3
Q8IVF2,K997-m3
Q8IVF2,K1018-m1
Q8IVF2,K1819-m3
Q8IVF2,K1822-m3
Q8IVF2,K2974-m3
Q8IVF2,K2977-m3
Q8IVF2,K3139-m3
Q8IVF2,K3142-m3
Q8IVF2,K3304-m3
Q8IVF2,K3307-m3
Q8IVF2,K3634-m3
Q8IVF2,K3637-m3
Q8IVF2,K3799-m3
Q8IVF2,K3802-m3
Q8IVF2,K4129-m3
Q8IVF2,K4132-m3
Q8IVF2,K4459-m3
Q8IVF2,K4462-m3
Q96BJ3,K232-m2
P55008,K113-m1
O14862,K64-m2
Q9NZN9,K299-m3
Q9UKB5,R245-m2
O43572,K55-m1
Q12802,K1670-m1
O43823,R109-m1
O43823,R188-m1
O43823,R190-m1
O43823,R194-m1
O43823,R233-m1
O43823,R277-m1
Q9ULX6,R171-m1
Q9ULX6,R179-m1
Q9ULX6,R185-m1
Q9ULX6,R208-m2
Q9ULX6,R208-m1
Q9ULX6,R217-m1
Q9ULX6,R237-m2
Q9ULX6,R237-m1
Q9ULX6,R247-m1
Q99996,K9-m2
Q99996,R3322-m2
Q7Z591,R351-m1
O95154,R21-m1
Q8NHP1,R21-m1
P02768,K75-m1
P02768,R168-m1
P02768,K558-m1
P00352,R68-m2
P00352,R85-m2
P30038,K153-m1
P30038,K495-m2
J3KNU8,K104-m1
Q9H2A2,K437-m2
P04075,K294-m1
Q8WUM4,R745-m1
Q8WUM4,R757-m1
Q6P6C2,R359-m1
O75342,R170-m1
Q9H0A0,K195-m1
Q96L96,R107-m1
Q96L96,R1412-m1
Q96L96,R1414-m1
Q96L96,R1415-m1
Q8ND56,R269-m1
Q96Q42,R481-m1
Q9C0C7,R226-m2
Q9C0C7,R747-m2
Q9Y303,R2-m2
Q9Y303,R19-m2
Q01196,R206-me
Q01196,R210-me
Q01196,R319-m2
Q13950,R258-m1
Q13950,R267-m2
Q13950,R267-m1
Q13950,R386-m1
Q13950,R386-m2
Q01433,R2-m2
Q01433,R4-m2
Q01433,R99-m1
Q9UGJ0,K62-m1
Q5VTE6,R18-m2
Q5VTE6,R20-m2
Q5VTE6,R72-m1
O95841,R94-m2
Q9UKU9,K86-m2
Q9BY76,R164-m1
Q9BY76,R180-m1
Q8IWZ3,R1840-m1
Q86XL3,R927-m1
Q6UB99,K158-m1
Q6UB99,K160-m1
Q6UB98,R900-m1
Q6UB98,K928-m2
Q6UB98,K1034-m3
Q6UB98,K1036-m3
B3KT78,K24-m3
Q63ZY3,R105-m2
Q63ZY3,R105-m1
Q63ZY3,R117-m1
Q63ZY3,R117-m2
Q63ZY3,R123-m1
Q63ZY3,R243-m1
Q9UPS8-2,K79-m1
Q96NW4,K626-m2
Q9BXX2,K1030-m2
A6NCL7,R370-m1
H7BXK8,K264-m2
Q9ULJ7,K1269-m3
Q9ULJ7,K1278-m3
Q9ULJ7,K1284-m3
A6NEL2,K434-m2
A6NC57,K579-m2
A6NC57,K588-m2
Q8N8V4,K148-m1
Q8N8V4,K156-m1
Q9H8Y5,R252-m1
Q9H8Y5,K599-m1
Q5XXA6,K104-m2
Q9BYT9,K31-m1
P63010,R834-m1
O43299,R151-m2
O43299,R179-m2
P25054,K561-m2
P25054,K580-m2
Q9UJX6,R720-m2
O95996,R1427-m1
O95996,R1431-m1
P27695,K58-m2
P27695,K63-m2
Q9BZZ5,R500-m2
Q9BZZ5,R500-m1
Q9BZZ5,R504-m2
Q9BZZ5,R507-m2
Q9BZZ5,R510-m2
Q0VD83,R894-m2
Q0VD83,R920-m2
Q9UH17,R137-m1
Q8IUX4,R136-m1
P55087,K295-m2
P10275,K630-me
P42684,K667-m2
Q8IWW6,K432-m2
O43295,K141-m2
Q5T5U3,R553-m1
Q5T5U3,R574-m1
Q7Z5H3,K648-m1
Q6ZUM4,K499-m1
Q9P2N2,R644-m2
A7KAX9,R1695-m1
Q9BRR9,R386-m2
Q96PE2,R45-m1
Q96PE2,R429-m1
Q96PE2,R433-m1
Q8IW93,K551-m1
Q12774,R866-m2
O43307,K131-m3
O14497,R235-m1
O14497,R391-m2
O14497,R429-m2
O14497,R755-m2
O14497,R1276-m1
O14497,R1276-m2
Q8NFD5,R525-m2
Q8NFD5,R557-m2
Q8NFD5,R565-m2
Q8NHH9,K270-m1
Q5T2S8,K396-m2
Q5T2S8,K552-m1
Q9P291,R148-m1
Q9UBL0,R284-m1
Q96QS3,R86-m1
Q96QS3,R87-m1
Q96QS3,R122-m1
Q8WXK1,R546-m1
Q8WXK1,R547-m1
Q9Y574,K169-m2
Q12908,K312-m1
Q12908,K313-m1
Q8N3C0,K1609-m2
P50553,K153-m1
O15446,R162-m2
O15446,R162-m1
Q9NR48,K474-m1
Q9NR48,K480-m1
Q9NR48,R1508-m2
Q9NR48,R1516-m2
Q8IZT6,R1101-m2
Q8IZT6,K2260-m2
P00966,K25-m2
Q8IXJ9,R606-m1
Q8NBU5,K53-m2
Q8NBU5,K60-m2
Q96QE3,R249-m1
Q5SQI0,R323-m1
Q99700,R244-m1
Q99700,R246-m1
Q99700,R640-m2
Q99700,R640-m1
Q8WWM7,R361-m1
Q8WWM7,R361-m2
Q8WWM7,R417-m1
O15265,R531-m1
Q9ULK2,R476-m1
Q6VMQ6,R1087-m2
Q5MNZ9,K89-m1
Q5MNZ9,K90-m1
Q13315,K1126-m1
Q13315,K1656-m1
Q13315,K2643-m1
P50993,R845-m2
P05026,R118-m2
Q16720,R580-m2
P20648,K31-m1
P25705,R204-m1
P25705,R207-m1
O75787,K287-m3
P21281,R7-m1
Q96LB4-3,K21-m3
O43520,K60-m1
O43520,K615-m1
O75110,K14-m2
O43861,K525-m1
O43861,K532-m1
P46100,R2474-m2
P46100,R2480-m2
Q9NQS1,R17-m2
Q9NQS1,R28-m2
Q9NQS1,R28-m1
Q9NQS1,R37-m2
Q9NQS1,R37-m1
Q9NQS1,R50-m1
Q9NQS1,K230-m1
O75366,K319-m1
Q8NBF6,R588-m1
P30530,R724-m2
Q9Y5Z6,K190-m2
Q6UX72,R144-m1
Q00973,K517-m2
Q00973,K524-m2
Q68D85,R90-m2
Q92934,R94-m2
Q92934,R96-m2
Q92934,R161-m1
O95817,R121-m2
O95817,R121-m1
O95817,R261-m1
O95429,R40-m1
O95429,R53-m1
O95429,R108-m2
O95429,R108-m1
O95429,R110-m2
O95429,R185-m1
O95429,R201-m1
Q9P281,R319-m2
Q9P281,R744-m2
O60241,R1375-m2
O60241,R1383-m2
O60241,R1384-m2
Q92560,K656-m1
Q92560,K658-m1
Q92560,K659-m1
Q9UMQ3,K194-m3
Q13838,R339-m1
P48634-2,R232-m1
P48634-2,R272-m2
P48634-2,R281-m2
P48634-2,R284-m2
P48634-2,R289-m2
P48634-2,R296-m1
P48634-2,R296-m2
P48634-2,R710-m1
P48634-2,R726-m1
P48634-2,R1014-m1
P48634-2,R1016-m1
P48634-2,R1414-m1
P48634-2,R1673-m2
P48634-2,R1695-m2
P48634,R1066-m1
P48634,R1164-m1
Q5JSZ5,R1097-m1
Q5JSZ5,R2110-m1
Q9BXC9,K239-m1
O75815,K334-m1
O75815,R442-m1
O15382,K44-m3
Q9P287,R7-m2
Q9P287,R8-m2
Q7L2J0,R377-m1
P06276,K436-m1
P06276,K455-m1
Q9HB09,R144-m1
O00512,R620-m2
Q86UU0,R593-m1
Q86UU0,R602-m1
Q86UU0,R602-m2
Q86UU0,R610-m1
Q86UU0,R680-m1
Q86UU0,R680-m2
Q86UU0,R821-m1
Q9NYF8,R55-m1
Q9NYF8,R76-m2
Q9NYF8,R78-m2
Q9NYF8,R78-m1
Q9NYF8,R87-m2
Q9NYF8,R90-m2
Q9NYF8,R94-m1
Q9NYF8,K445-m1
Q9NYF8,R794-m2
Q9NYF8,R796-m2
Q9NYF8,R809-m1
Q9NYF8,R809-m2
Q6W2J9,K1323-m2
Q6W2J9,K1325-m2
Q93088,K340-m1
Q96G01,K45-m1
Q9NR09,K1250-m1
Q9NR09,K3675-m3
Q9NR09,K4527-m1
Q9NR09,K4534-m1
Q9H3H3,R237-m1
Q9H3H3-2,R29-m1
Q9H3H3-3,R29-m1
Q14692,K1118-m1
Q14692,K1144-m1
Q9UIF9,R1210-m1
Q12981,K48-m2
Q12981,K50-m2
Q03001-3,K1554-m3
Q66K74,R854-m1
Q66K74,R861-m1
Q66K74,R863-m1
Q6ZNJ8,K92-m1
P51587,K2950-m2
Q15059,K304-m3
Q15059,K305-m3
O60885,K404-m2
O60885,K406-m2
Q8TDC3-2,R514-m1
Q8IWQ3,R437-m1
Q6RI45,K1402-m2
Q6RI45,R1743-m1
Q075Z2,K120-m3
Q9H0C5,R79-m1
Q32M84,K288-m2
Q96Q07,K288-m1
P20290,R13-m1
P20290,R15-m1
P20290,R17-m1
P20290,R19-m1
P20290,K46-m1
Q8TDN6,R9-m1
Q13895,R40-m1
O95153,K174-m3
P17676,R3-m2
Q8N655,K140-m1
Q8N655,K904-m2
Q8N655,K909-m2
Q8IYJ2,R29-m2
Q8N5U0,K122-m2
Q8IXP5,K27-m2
Q6ZUT1,K198-m2
Q6ZUT1,K200-m2
Q6ZUT1,K204-m2
Q6ZUT6,R311-m1
Q8NHV5,R54-m1
A2RUQ5,R69-m1
Q8N3J3,R285-m2
Q8N3J3,R295-m2
Q8N3J3,R329-m2
Q8N3J3,R337-m2
A6NHQ4,R52-m2
Q96B23,R346-m1
Q8NA69,K226-m2
Q3KP66,R578-m1
P02746,K77-m3
P02746,K88-m3
P02746,K92-m3
Q6IMN6,R877-m1
Q6IMN6,R889-m1
Q9BVV2,K284-m1
P57076,K93-m1
Q68DN1,R1693-m1
Q68DN1,R1695-m1
Q68DN1,R1773-m1
Q68DN1,R1775-m1
Q9H1Z8,K48-m2
Q9H1Z8,K50-m2
Q9H1Z8,K57-m2
Q2NKX9,R36-m1
Q6P1S2,K185-m2
Q96BT1,K97-m1
Q8N1A6,K15-m1
Q96MH7,K167-m1
Q96MH7,K170-m1
Q5T0Z8,K583-m2
Q5T0Z8,R1044-m2
Q5T0Z8,R1073-m1
Q5T0Z8,R1084-m1
Q5T0Z8,R1119-m2
Q5T0Z8,R1127-m2
Q5T0Z8,R1157-m2
Q5T0Z8,R1168-m2
O95873,R12-m1
Q8TBZ9,K55-m3
P07357,K359-m1
Q9H7E9,R27-m1
Q5VZI3,K158-m3
O75493,R328-m2
P43166,R229-m1
Q9NZU7,R31-m1
Q02641,R593-m1
Q8WUQ7,K151-m2
Q8WUQ7,K158-m2
P27482,K116-m1
P62158,K116-m3
P62158,K116-m2
P62158,K116-m1
P20810,K51-m1
P20810,K56-m1
P20810,K58-m1
P20810-5,K48-m1
Q99439,R187-m1
Q15417,K158-m1
Q9UQM7,K258-m3
Q9UQM7,K300-m1
Q13554,K301-m1
Q13557,K301-m1
Q8N5S9,R469-m1
Q8N5S9,R472-m1
Q7Z624,K49-m1
Q7Z624,K51-m1
Q9P1Y5,R1010-m1
Q9Y6Y1,R665-m2
Q01518,K287-m1
Q01518,K298-m1
Q96RK0,R599-m1
Q96RK0,R863-m2
Q96RK0,R934-m1
P07384,K229-m3
Q14444,R608-m2
Q14444,R608-m1
Q14444,R612-m2
Q14444,R616-m2
Q14444,R619-m2
Q14444,R626-m1
Q14444,R633-m1
Q14444,R633-m2
Q14444,R640-m2
Q14444,R640-m1
Q14444,R667-m1
Q14444,R667-m2
Q14444,R698-m2
Q14444,R698-m1
Q86X55,R49-m2
Q86X55,K276-m1
O15234,R52-m1
O15234,R55-m1
O15234,R518-m1
Q8NG31,K1670-m1
Q8WXD9,R398-m1
Q8WXD9,K601-m2
Q8WXD9,K607-m2
Q8WXD9,K612-m2
Q8WXE0,R355-m1
Q8WXE0,R364-m1
Q8WXE0,R862-m1
P49662,K49-m1
P49662,K53-m1
Q86V15,K1423-m1
Q96P56,K54-m1
Q9H7T0,K598-m1
Q13191,R8-m1
Q13191,R18-m1
Q75N03,R192-m1
Q75N03,R465-m1
Q92793,R220-m1
Q92793,R601-me
Q92793,R714-me
Q92793,R742-me
Q92793,R768-me
Q92793,K1565-m1
B7Z8M0,K204-m3
P83916,K9-m1
P83916,K35-m1
Q14781,R247-m2
Q14781,R247-m1
Q13185,K21-m1
Q13185,K44-m1
Q13185,K143-m1
O00257,K249-m1
Q6P1N0,R13-m1
Q6P1N0,R19-m1
Q9P2K1,R101-m1
Q9BWC9,R163-m1
Q8IYX3,R397-m2
Q8IWD4,R60-m1
Q86Z20,K353-m3
Q96JN2,K520-m3
Q8NCX0,K212-m1
Q0VFZ6,R255-m2
P0C221,R468-m1
Q9NQR7,R359-m1
Q9NQR7,R370-m1
Q5T9S5,K1116-m1
Q9P1Z9-2,R1533-m1
Q7Z3E2,R489-m1
Q9UL16,K431-m2
Q6P2H3,R206-m1
Q6P2H3,R206-m2
Q8N5R6,K369-m2
Q9UFE4,K743-m1
Q96GE4,R341-m2
Q8N8E3,K717-m1
Q96A33,K157-m1
Q8N0Z3,R472-m1
Q8N0Z3,R779-m1
Q8N0Z3,R809-m1
Q2TAC2,R274-m1
Q9Y6R9,R98-m1
Q9Y6R9,R103-m1
Q6ZP65,R153-m2
Q6ZP65,R154-m2
Q86UT8,R302-m1
Q86UT8,R302-m2
Q9Y3X0,R94-m1
Q9Y3X0,R102-m1
Q9Y3X0,R107-m1
Q9Y3X0,R110-m1
Q9Y3X0,R121-m1
Q9Y3X0,R128-m1
Q9Y3X0,R130-m1
Q9Y3X0,R131-m2
Q9Y3X0,R133-m2
Q9Y3X0,R135-m1
Q9Y3X0,R135-m2
Q9BW85,R257-m1
B4DIA2,K680-m1
P06307,R35-m1
O00585,K115-m1
O00585,K117-m1
O00585,K120-m1
O00585,K123-m1
O75909,R580-m1
Q9UK58,R471-m1
Q9UK58,R473-m1
O60563,K376-me
O60583-2,R662-m1
Q9UK39,R121-m1
Q9UK39,R124-m1
P50991,R19-m1
Q99832,R53-m1
Q99832,R535-m1
Q99832,R535-m2
Q99832,R537-m1
Q99832,R537-m2
Q99832,R539-m2
Q99832,R539-m1
Q99832,R541-m1
O95400,R181-m1
Q8IX05,K140-m1
P09564,K214-m1
P21854,K196-m1
P04233,K96-m1
P04233,K99-m1
Q9UNH5,K422-m1
P30304,R278-m2
P30304,R290-m2
Q00587,R53-m1
Q9H3Q1,K5-m1
Q69YH5,K6-m2
Q69YH5,K13-m2
Q69YH5,R813-m1
Q96GN5,R393-m1
Q96GN5,R407-m1
P55289,K641-m3
P55289,K642-m3
P55285,K35-m1
Q9NYV4,R329-m2
Q9NYV4,R330-m2
Q9NYV4,R331-m2
Q9NYV4,R449-m2
Q9NYV4,R1404-m1
Q9NYV4,R1473-m1
Q00537,K328-m1
Q07002,R463-m1
P50750,K21-me
P50750,K35-me
P50750,R86-me
P50750,K127-me
P50750,R370-me
P50750-2,R8-me
P50750-2,R8-m2
Q8IVW4,K542-m3
Q9UKY7,R24-m2
Q9Y232,K135-m1
Q9Y232,K135-m3
Q9Y232,K135-m2
Q9Y232,K157-m3
P31997,K126-m1
O95319,K141-m1
P49450,R42-m1
Q71F23,K303-m2
Q71F23,K308-m2
Q96P50,R396-m1
Q96P50,R398-m1
Q8WZ64,K922-m1
Q6ZU80,K363-m2
Q6ZU80,R690-m1
Q9Y4F5,R602-m2
Q9Y4F5,R609-m2
O15078,K1916-m1
O15078,K1921-m1
Q5VT06,K1735-m1
Q5VT06,K2076-m1
Q8IYX8,K202-m1
Q5SZL2,R212-m2
Q49MI3,K230-m1
Q49MI3,K275-m1
O15182,R125-m2
Q6ZTR5,R14-m2
Q6ZTR5,R41-m2
Q9UEE9,K219-m1
Q9UEE9,K237-m3
O43809,R15-m1
O15519,R122-m1
Q9P2M7,R188-m1
Q9BX84,K14-m1
O14646,R1491-m1
O14647,R1546-m1
Q12873,K56-m1
Q12873,K58-m1
Q12873,K64-m1
Q12873,R1759-m1
Q8TDI0,K958-m2
Q8TDI0,K961-m2
Q8TDI0,R1755-m2
Q9P2D1,R148-m1
Q9P2D1,R209-m1
Q9P2D1,R1308-m1
Q9P2D1,R1317-m1
Q3L8U1,K738-m2
Q86WJ1,R9-m1
Q8IWX8,R675-m1
Q8IWX8,R811-m2
Q8IWX8,R838-m2
A6NG32,R163-m1
Q9NRG0,K105-m2
Q9NRG0,K108-m2
Q7LGC8,K273-m1
Q7LGC8,R342-m1
Q9Y3Y2,R97-m2
Q9Y3Y2,R110-m2
Q9Y3Y2,R114-m2
Q9Y3Y2,R118-m2
Q9Y3Y2,R121-m2
Q9Y3Y2,R128-m2
Q9Y3Y2,R128-m1
Q9Y3Y2,R134-m2
Q9Y3Y2,R140-m2
Q9Y3Y2,R140-m1
Q9Y3Y2,R143-m2
Q9Y3Y2,R148-m2
Q9Y3Y2,R153-m2
Q9Y3Y2,R157-m2
Q9Y3Y2,R159-m2
Q9Y3Y2,R164-m2
Q9Y3Y2,R203-m2
B4DHB9,K163-m1
B4DHB9,K180-m1
O75339,K755-m3
Q9BW66,K63-m1
Q14011,R94-m2
Q14011,R101-m1
Q14011,R101-m2
Q14011,R105-m2
Q14011,R121-m1
Q14011,R127-m1
Q14011,R131-m1
Q14011,R139-m1
Q14011,R145-m1
P78368,R25-m1
Q07065,K551-m3
Q14008,K1093-m2
P12277,R138-m1
Q9UBR5,K18-m1
Q9UBR5,K22-m1
O75122,R710-m1
O75122,K1078-m2
Q8NHS4,K21-m1
Q8NHS4,K150-m3
Q96JQ2,K565-m1
O15516,R702-m2
Q8NCR9,R57-m1
Q00610,K619-m1
Q96AJ1,R165-m2
Q96AJ1,R168-m2
Q8NFW8,R16-m1
Q8NFW8,R21-m1
Q96DG6,K199-m1
Q9BQ75,K88-m3
Q9BQ75,R167-m1
Q8TAZ6,R66-m1
Q8TAZ6,R70-m1
A4UGR9,R1796-m2
P29973,K556-m1
P29973,K566-m1
Q6P9H4,R483-m1
Q9H8M5-3,K540-m1
Q9H8M5-3,K545-m1
Q9UKZ1,R41-m1
O95628,R475-m2
O95628,R483-m2
O95628,R497-m2
P78357,K489-m1
P23528,K96-m3
Q9Y281,K96-m3
Q8WTW3,K377-m1
Q9UP83,R309-m1
P38432,R350-m1
P38432,R393-m2
P38432,R393-m1
P38432,R397-m2
P38432,R419-m1
P13942,K555-m1
Q8IZC6,K543-m1
Q8IZC6,K544-m1
Q01955,K1206-m2
Q5SY13,K7-m1
Q02388,R28-m2
Q9H0A8,R130-m1
P53621,R965-m1
Q14247,R119-m1
P00403,R82-m1
P13073,K12-m1
P13073,K63-m1
O43303,K821-m2
P16870,K433-m1
P31327,K772-m1
Q16630,R202-m1
Q16630,R204-m1
Q96RY5,K744-m2
P50238,K64-m2
P50238,R68-m1
P50238,R68-m2
Q9BPU6,K343-m2
Q9BPU6,R559-m1
Q9BZJ0,K229-m2
P02741,K3-m1
P02489,R21-me
P02489,K88-me
P02511,R22-me
P02511,R50-me
P02511,R74-m1
P05813,R137-me
P53674,R230-me
P53674,R231-me
P53674,K235-me
P43320,K42-me
P43320,K68-me
P43320,K121-me
P26998,K128-me
Q68DQ2,K1633-m2
P07316,C23-me
P07316,C80-me
P07315,C23-me
P07315,C80-me
P07320,C111-me
P22914,K7-me
P22914,C25-me
P22914,C27-me
O75390,K395-m3
P16989,R174-m1
P16989,R179-m1
P16989,R220-m2
P16989,R225-m1
P16989,R229-m1
P16989,R236-m1
P16989,R251-m1
P16989,R288-m1
P16989,R290-m1
P16989,R292-m1
P16989,R326-m1
P16989,R326-m2
P16989,R327-m1
P16989,R327-m2
P16989,R330-m2
P16989,R331-m2
O75534,R749-m1
O76021,K116-m1
O76021,K120-m1
O76021,K124-m1
O76021,K449-m2
P13611,K2238-m1
Q1MSJ5,R641-m1
Q1MSJ5,R643-m1
Q9H8E8,K218-m2
Q9H112,R27-m2
Q9H0L4,R311-m1
Q9H0L4,R327-m2
Q9H0L4,R338-m1
Q9H0L4,R352-m1
Q9H0L4,R396-m1
Q9H0L4,R461-m1
P33240,R303-m1
P33240,R308-m1
P33240,R319-m1
P33240,R330-m1
P33240,R344-m1
P33240,R388-m1
P33240,R402-m1
P33240,R405-m1
P33240,R468-m1
P33240,R475-m1
P33240,R475-m2
O15320,R546-m1
O15320,R557-m1
O15320,R560-m1
O15320,R715-m1
Q86UF2,R635-m1
P56545,R22-m2
Q9Y5B0,R913-m2
Q9Y5B0,R916-m2
P10619,K55-m3
P14091,K298-m1
Q9P2B4,R109-m2
O60494,K1909-m2
Q13616,R63-m1
Q13619,R702-m2
Q13620-1,R838-m2
Q14999,R319-m1
O14529,K1118-m2
O43169,K35-m1
Q9UHQ9,K130-m2
Q9UHQ9,K139-m2
Q6ZMK1,R124-m2
Q02318,K387-m3
Q4G0S4,R147-m1
P11509,R148-m2
P11509,R161-m2
P24462,K406-m1
Q9HBI6,R515-m1
Q9Y4D1,R9-m1
P98082,R64-m1
P98082,K163-m1
P98082,K173-m1
Q14118,K626-m1
O43293,K37-m1
Q9BTC0,R1824-m1
Q9BTC0,R1835-m1
Q9BTC0,R1845-m1
Q9BTC0,R1882-m1
Q9BTC0,R1893-m1
Q9BTC0,R1893-m2
Q9BTC0,R1894-m2
Q9BTC0,R1894-m1
Q9BTC0,R1938-m2
Q9BTC0,R1949-m2
Q9BTC0,R1960-m2
Q9BTC0,R1977-m2
Q9BTC0,R1982-m2
Q9BTC0,R1982-m1
Q9BTC0,R1993-m2
Q9BTC0,R1993-m1
Q9BTC0,R2008-m2
Q9BTC0,R2024-m2
Q96EP5,R253-m2
Q96EP5,R253-m1
Q8N163,R16-m1
Q8N163,K123-m1
Q8N163,R180-m2
Q8N163,R180-m1
Q8N163,R184-m1
O60477,R358-m2
Q9UJU6,K164-m1
Q96JQ0,R1593-m1
Q6V1P9,K2747-m3
Q9NPI6,R376-m2
Q5T1A1,K3-m1
Q5T1A1,K6-m1
Q5T1A1,R182-m1
Q7Z4W1,R21-m1
O94830,K587-m1
O94850,K271-m1
Q08345,K613-m1
Q08345,K615-m1
P30046,K110-m1
O43143,R42-m2
O43143,R44-m2
Q92841,R81-m1
Q92841,R88-m1
Q92841,R94-m1
Q92841,R100-m1
Q92841,R555-m1
Q92841,R684-m1
Q9BUQ8,R508-m2
Q7Z478,R668-m2
Q7Z478,R674-m1
O00571,R88-m1
O00571,R93-m1
O00571,R95-m1
O00571,R592-m1
O00571,R617-m1
O00571,R632-m1
Q9H8H2,R828-m1
O00148,R338-m1
Q86XP3,R12-m1
Q86XP3,R814-m1
Q86XP3,R875-m1
Q9NXZ2,R47-m1
Q9NXZ2,R85-m1
P17844,R25-m1
P17844,K56-m3
P17844,R484-m1
P17844,R484-m2
P17844,R486-m2
P17844,R486-m1
P17844,R502-m1
P17844,R502-m2
Q8TDD1,R802-m2
Q8TDD1,R820-m2
Q8TDD1,R868-m1
Q8NHQ9,R218-m1
Q08211,K146-m1
Q08211,R1160-m1
Q08211,R1160-m2
Q08211,R1174-m1
Q08211,R1175-m2
Q08211,R1175-m1
Q08211,R1207-m1
Q08211,R1207-m2
Q08211,R1219-m1
Q08211,R1219-m2
Q08211,R1223-m1
Q08211,R1223-m2
Q08211,R1227-m1
Q08211,R1242-m1
Q08211,R1242-m2
Q08211,R1249-m2
Q08211,R1253-m2
Q08211,R1253-m1
Q08211,R1265-m1
Q08211,R1265-m2
P35659,K84-m1
Q6P3S1-5,K362-m2
Q6P3S1-5,K369-m2
P78524,K676-m1
Q5VZ89,R800-m2
Q8IWF6,K510-m1
Q96QD5,R441-m1
Q96QD5,R445-m1
Q9BUN8,R214-m1
P0CG12,R17-m2
P0CG12,R100-m2
P0CG12,R201-m2
P0CG12,R225-m2
P0CG12,R239-m2
P0CG12,R266-m2
P0CG12,R308-m2
P0CG12,R494-m2
P0CG12,R508-m2
P17661,K43-m1
P15924,K727-m1
P15924,K1802-m2
P15924,R2834-me
Q96PD7,K260-m2
Q9Y6T7,K408-m3
Q9Y6T7,K408-m2
Q86XP1,K266-m2
Q86XP1,K1191-m3
Q96LJ7,R21-m1
Q6UX07,K50-m2
Q9H6R0,R43-m1
Q9H6R0,R596-m2
Q9H6R0,R600-m2
Q9H2U1,R34-m1
Q9H2U1,R47-m1
Q9H2U1,R50-m1
Q9H2U1,R52-m1
Q9NSV4,R28-m1
Q9Y2L1,R12-m1
Q9Y2L1,K331-m1
Q9NRI5,K670-m1
Q9NRI5,K678-m1
A7MBM2,R1188-m2
Q155Q3,R394-m1
Q155Q3,R621-m2
Q6MZP7,R435-m1
Q92796-2,K261-m3
Q92796-2,K261-m1
Q8TDM6,K1091-m1
Q8TDM6,K1092-m1
Q5VZB9,K225-m1
Q5VZB9,K228-m1
Q09019,R396-m2
Q9P2D7,K1164-m1
Q8IVF4,K2809-m1
Q8IVF4,K3856-m1
Q96DT5,K3357-m1
Q96DT5,K3362-m1
Q9UFH2,K3579-m3
Q9UFH2,K3829-m2
Q9UFH2,K3839-m2
Q9P225,R284-m2
Q9P225,K698-m1
Q8TD57,R167-m2
Q8TD57,R174-m2
Q8TD57,K1444-m2
Q8TD57,K2796-m1
Q9C0G6,K3099-m1
Q8WXX0,K414-m2
Q8WXX0,K570-m3
Q8WXX0,K2642-m3
Q96JB1,K617-m2
Q9NYC9,R995-m2
Q6ZR08,K582-m1
O60884,K302-m2
Q5F1R6,K2-m1
O75190,R135-m1
Q9UBS3,K35-m2
Q9UKB3,K183-m1
Q9NVM6,K5-m1
Q9NVM6,K25-m1
Q9NVM6,K264-m1
Q13217,K46-m2
Q13217,K407-m1
O75061,K850-m1
O75061,K852-m1
P78527,R820-m1
P78527,K2702-m1
P78527,K3372-m1
Q9NUQ6,K345-m1
Q14204,K1371-m2
O43237,K55-m1
O43237,R397-m1
Q6XZF7,K1316-m1
Q6XZF7,K1317-m1
P26358,K70-m2
P26358,K142-m1
Q9Y6K1,R171-m1
Q9UBC3,R823-m1
Q9UJW3,K354-m2
Q92608,K557-m1
Q9H7D0,R1019-m2
Q96HP0,K1371-m2
Q96N67,K381-m1
Q9BZ29,K1834-m1
Q7L591,R122-m1
Q6PKX4,K58-m1
Q8TEK3,K1359-m2
P42658,R66-m1
P42658,R68-m1
Q7Z7J5,R124-m2
Q7Z7J5,R148-m2
Q14117,K501-m1
P14416,K324-m1
P14416,K332-m1
P14416,K336-m1
O75691,K2745-m2
O75691,K2746-m2
O75691,K2749-m2
O75691,K2757-m2
P54259,R1115-m1
P54259,R1115-m2
Q02487,R810-m1
Q14574,R805-m1
O60469,R1644-m1
Q6XUX3,R29-m1
Q6ZMT9,K162-m1
Q6ZMT9,K164-m1
Q6ZMT9,R246-m1
Q6ZMT9,R248-m1
Q86UW9,R213-m2
Q86UW9,R215-m2
Q86UW9,R233-m2
Q86UW9,R256-m1
Q92997,R27-me
Q92997,R212-me
Q92997,R342-me
Q92997,R698-me
Q92997,R698-m2
P50570,R785-m1
P50570,R850-m1
P50570,R857-m1
P50570,R862-m2
P50570,R862-m1
Q8NCM8,R1306-m1
Q8NCM8,K2966-m1
Q8NCM8,R3342-m2
Q96FJ2,K49-m3
Q8WXU2,K135-m1
Q9NVP4-2,R208-m2
Q9BUJ2,R179-m1
Q9BUJ2,R181-m1
Q9BUJ2,R584-m2
Q9BUJ2,R612-me
Q9BUJ2,R618-m2
Q9BUJ2,R620-m2
Q9BUJ2,R639-m1
Q9BUJ2,R639-m2
Q9BUJ2,R645-m1
Q9BUJ2,R645-m2
Q9BUJ2,R656-m1
Q9BUJ2,R656-m2
Q9BUJ2,R661-m1
Q9BUJ2,R671-m1
Q9BUJ2,R685-m1
Q9BUJ2,R690-m1
Q01094,K185-m1
O00716,R121-m1
Q96AV8,K58-m3
Q9H1B7,R170-m1
Q9H4W6,K111-m1
Q9UQ80,K199-m2
Q9H8V3,R13-m1
O60869,K25-m1
P05305,K118-m2
P05305,K127-m2
Q15075,K848-m2
P68104,K36-m3
P68104,K36-m1
P68104,K51-m2
P68104,K55-m3
P68104,K55-m1
P68104,K55-m2
P68104,K62-m2
P68104,K79-m3
P68104,K79-m1
P68104,K79-m2
P68104,K84-m2
P68104,K84-m3
P68104,K154-m1
P68104,K165-m2
P68104,K165-m3
P68104,K165-m1
P68104,R166-m2
P68104,R166-m1
P68104,K318-m2
P68104,K318-m1
Q05639,K36-m3
Q05639,K36-m1
Q05639,K51-m2
Q05639,K55-m1
Q05639,K55-m2
Q05639,K55-m3
Q05639,K62-m2
Q05639,R69-m1
Q05639,K79-m1
Q05639,K79-m2
Q05639,K79-m3
Q05639,K84-m2
Q05639,K84-m1
Q05639,K165-m2
Q05639,K165-m3
Q05639,K165-m1
Q05639,K318-m2
P13639,K407-m2
P13639,K407-m1
P13639,K525-m1
P13639,K525-m2
Q7L9B9,R560-m1
Q7L9B9,R569-m1
Q9HAE3,K130-m3
Q7Z2Z2,K278-m1
Q9GZT9,K244-m1
Q9NZN4,K316-m1
Q9NZN4,K324-m1
Q9NZN4,K327-m1
Q9NZN3,K32-m1
Q9H223,K319-m1
Q9H223,K327-m1
Q9H223,K330-m1
Q9H329,R24-m1
Q9H9B1,K153-m3
A2ABF8,K171-m2
A2ABF8,K242-m2
A2ABF8,K242-m3
A2ABF8,K246-m3
Q8N6I1,R75-m1
Q9NR50,K134-m1
Q9NR50,K148-m1
Q14152,K632-m1
Q14152,K633-m1
Q14152,K634-m1
P23588,R70-m1
D6RBW1,K11-m1
D6RBW1,K12-m1
O60573,R241-m1
Q04637,R48-m2
Q04637,R55-m1
Q04637,R55-m2
Q04637,R65-m1
Q04637,R73-m1
Q04637,R110-m1
Q04637,R675-m1
Q04637,R681-m1
Q04637,R685-m1
Q04637,R694-m1
Q04637,R702-m1
Q04637,R1032-m1
Q04637,R1042-m1
Q04637-8,R685-m1
Q04637-8,R694-m1
P78344,R23-m1
P78344,R360-m1
P78344,K431-m1
P78344,R505-m1
O43432,R692-m1
Q15056,R19-m2
Q15056,R19-m1
Q15056,R22-m1
Q15056,R31-m1
Q15056,R166-m2
Q15056,R166-m1
Q15056,R170-m1
Q15056,R174-m1
Q15056,R175-m1
Q15056,R191-m1
Q9BQ52,K99-m1
Q9BQ52,K101-m1
Q15723,R494-m1
P78545,K318-m2
P78545,K319-m2
P78545,K320-m2
P55199,K451-m2
P55199,K456-m2
P55199,K465-m2
Q6PJG2,R193-m2
Q6PJG2,R227-m1
Q6PJG2,R231-m2
Q6PJG2,R447-m1
Q9H9T3,K229-m1
Q8WYP5,R735-m1
Q96AY2,K338-m2
Q96AY2,K340-m2
Q05BV3,K474-m1
P19622,K245-m2
Q8NFI3,R341-m1
Q8NFI3,R352-m1
P29474,K5-m1
P22413,R65-m1
Q14677,R538-m2
P16452,K593-m2
P11171,K361-m1
P11171,K372-m1
O15197,K154-m1
P07814,R1152-m1
P07814,R1152-m2
P42566,K227-m1
P42566,K234-m1
P03372,K171-m2
P03372,K171-m1
P03372,K180-m2
P03372,K266-m1
P03372,R277-m2
P03372,K302-m1
P03372,K401-m2
O15083,R194-m1
O15083,R197-m1
O15083,R203-m2
Q03468,K170-me
Q03468,K297-me
Q03468,K448-me
Q03468,K1054-me
Q5RHP9,K188-m1
Q5RHP9,K203-m1
P27361,K302-m3
P27361,K361-m3
Q8TD08,R449-m1
Q56NI9,R487-m1
Q86US8,R404-m2
Q86US8,R406-m2
P13804,R223-m1
P38117,K200-m3
P38117,K200-m1
P38117,K200-m2
P38117,K202-m1
P38117,K202-m2
P38117,K203-m3
P38117,K203-m2
Q9Y603,K310-m2
Q01844,R300-m1
Q01844,R300-m2
Q01844,R302-m2
Q01844,R304-m2
Q01844,R304-m1
Q01844,R309-m2
Q01844,R309-m1
Q01844,R314-m2
Q01844,R317-m2
Q01844,R321-m2
Q01844,R330-m2
Q01844,R330-m1
Q01844,R455-m2
Q01844,R455-m1
Q01844,R461-m1
Q01844,R464-m1
Q01844,R464-m2
Q01844,R471-m1
Q01844,R471-m2
Q01844,R486-m1
Q01844,R490-m2
Q01844,R494-m2
Q01844,R494-m1
Q01844,R500-m1
Q01844,R500-m2
Q01844,R503-m2
Q01844,R503-m1
Q01844,R506-m2
Q01844,R563-m1
Q01844,R563-m2
Q01844,R565-m2
Q01844,R565-m1
Q01844,R572-m2
Q01844,R575-m2
Q01844,R581-m2
Q01844,R589-m2
Q01844,R589-m1
Q01844,R592-m2
Q01844,R596-m2
Q01844,R600-m2
Q01844,R603-m2
Q01844,R607-m2
Q01844,R607-m1
Q01844,R614-m2
Q01844,R615-m1
Q01844,R615-m2
Q01844,R632-m1
Q01844,R633-m2
Q01844,R636-m2
Q8NEV8,K776-m1
Q9Y3B2,R6-m2
Q01780,K754-m3
Q01780,K835-m1
Q96QU8,R305-m1
Q96QU8,R307-m1
Q16394,R29-m1
Q9UBQ6,R12-m1
Q92800,K736-m1
Q15910,K505-m2
Q15910,K509-m2
Q15910,K510-m2
Q15910,K735-m1
Q6NZ36,R8-m2
Q12830,K564-m2
Q12830,K571-m2
Q12830,R2155-m1
Q12830,R2162-m2
Q12830,R2184-m2
Q12830,R2191-m2
Q12830,R2205-m1
Q12830-2,R68-m1
Q5T8I3,R81-m2
Q5T8I3,R85-m2
Q9BTL3,R54-m1
Q9BTL3,R57-m1
Q9BTL3,R70-m1
Q9BTL3,R78-m1
Q9BTL3,R85-m1
Q9BTL3,R112-m1
Q969W3,R4-m1
Q969W3,R54-m1
Q1W6H9,R56-m1
Q6SJ93,K270-m1
Q9NWS6,K170-m3
Q9NZB2,R873-m1
Q9NZB2,R884-m2
Q9NZB2,R884-m1
Q9NZB2,R886-m1
Q9NZB2,R886-m2
Q9NZB2,R964-m1
Q9NZB2,R967-m1
Q9NZB2,R982-m2
Q9NZB2,R982-m1
Q9NZB2,R986-m1
Q9NZB2,R1006-m1
Q9NZB2,R1006-m2
Q96EK7,R871-m1
Q96EK7,R885-m1
Q9NX05,R941-m1
Q7Z309,R122-m1
Q8N7J2,R16-m1
Q86V42,R173-m1
Q86V42,R179-m1
Q9NYF5,R751-m2
Q96KS9,R145-m2
Q92567,R102-m2
Q92567,R189-m1
A1A519,R235-m2
A6PVY3,R88-m2
Q6ZUX3,R414-m2
Q9Y4F4,R27-m2
Q9Y4F4,R37-m2
Q9Y4F4,R51-m2
Q8NB25,R1024-m1
Q9H7U1,R262-m2
Q9BUT9,R35-m2
Q9BUT9,R35-m1
Q9BUT9,R65-m2
Q9BUT9,R65-m1
Q9UFP1_VAR_063130,R460-m1
Q7Z5A8-2,R128-m1
Q5VWN6,K323-m3
Q5VWN6,K324-m3
Q96MZ4,K32-m3
Q86W67,K151-m1
Q9H5I5,K2552-m1
Q3ZLR7,K229-m1
Q14320,K95-m1
Q8IYT1,R125-m2
Q8IYT1,R128-m2
Q7L4E1,K96-m1
B4DYI2,K863-m2
Q5T0W9,R997-m1
Q8NCA5,R484-m1
Q52LJ0-2,R335-m1
Q52LJ0-2,R356-m1
Q52LJ0-2,R384-m2
Q52LJ0-2,R384-m1
Q52LJ0-2,R390-m1
Q52LJ0-2,R396-m2
Q52LJ0-2,R402-m2
Q52LJ0-2,R408-m2
O15360,R683-m2
Q9HB96,R142-m2
Q9HB96,R159-m2
Q9HB96,K272-m1
Q9NSD9,R517-m1
Q16658,K353-m2
P49327,R1552-m1
Q9NYQ8,K804-m3
Q6V0I7,R231-m1
P22087,R15-m1
P22087,R27-m1
P22087,R34-m1
P22087,R36-me
A6NHQ2,R55-m1
A6NHQ2,R62-m1
P35556,K2861-m1
P35556,K2879-m1
Q96AE4,R359-m2
Q96AE4,R359-m1
Q96AE4,R361-m2
Q96AE4,R361-m1
Q96AE4,R363-m2
Q96AE4,R363-m1
Q96I24,R180-m1
Q96I24,R337-m1
Q96I24,R339-m1
Q9HCM7,R630-m1
Q9HCM7,K849-m2
Q9HCM7,K858-m2
Q9HAH7,R229-m2
Q9HAH7,R239-m2
Q9HAH7,R408-m1
Q9UKB1,K179-m2
Q6PIJ6,K686-m1
Q5XUX0,R14-m2
Q9UKT5,R144-m1
Q8TF61,R530-m1
Q6P3S6,K564-m2
Q6P3S6,K569-m2
Q9H4M3-2,R188-m2
O75072,K408-m2
P39748,R19-me
P39748,R100-me
P39748,R104-me
P39748,R192-me
A0AVI2,K1284-m2
Q2WGJ9,K1304-m1
O15552,R255-m2
O15552,R281-m2
O15552,R286-m2
Q6ZNL6,K1301-m1
P09038,R82-m2
P09038,R84-m2
P09038,R86-m2
P09038,R96-m2
P09038,R98-m2
P09038,R108-m2
P09038,R110-m2
P09038,R112-m2
P11487,R32-m1
P11487,R44-m1
P11487,R45-m1
B1AJZ9-3,R1422-m1
Q7Z7B0,K39-m2
Q7Z7B0,K196-m1
Q96SL8,R409-m1
P62942,R58-m1
Q9NWM8,K207-m2
Q5VVH2,R58-m1
Q00688,K187-m1
O43638,R116-m1
O43638,R124-m1
O75369,R2010-m1
Q14315,K886-m1
Q96PY5,K453-m2
Q96PY5,K456-m2
Q96PY5,K458-m2
Q96PY5,R767-m1
Q06787,R471-m1
Q06787,R474-m1
Q06787,R477-m1
Q06787,R544-me
Q06787,R546-me
O75400,R74-m1
O75400-2,R17-m1
O75400-2,R24-m1
O75400-2,R47-m1
Q5VW36,K1548-m3
Q5VW36,K1558-m3
P85037,R161-m1
P85037,R177-m1
P85037,R191-m1
Q01167,R144-m1
Q08050,K278-m2
Q08050,K282-m2
Q12778,R251-me
Q12778,R253-me
Q96CU9,R12-m2
Q96CU9,R12-m1
P15407,R66-m2
P15407,R66-m1
P15407,R79-m2
P15407,R84-m2
P15408,K104-m1
P15408,K104-m2
Q9Y2L6,R656-m1
Q9Y2L6,R671-m1
Q9BZ67,R217-m1
Q5JV73,R73-m1
Q14CM0,K8-m2
Q9BTV5,R320-m1
O95954,R399-m1
O95954,R424-m1
P51114,R445-m2
P51116,R399-m1
P51116,R432-m1
P51116,R434-m1
P51116,R436-m1
Q14332,K446-m2
Q03113,R235-m1
P30679,R186-m2
P30679,R205-m2
P63215,K24-m2
Q13283,K5-m1
Q13283,R403-m1
Q13283,R427-m1
Q13283,R429-m1
Q13283,R429-m2
Q13283,R435-m1
Q13283,R435-m2
Q13283,R447-m1
Q13283,R447-m2
Q13283,R460-m2
Q13283,R460-m1
Q13283,R465-m2
Q13283,R465-m1
Q9UN86,R432-m1
Q9UN86,R438-m1
Q9UN86,R457-m2
Q9UN86,R457-m1
Q9UN86,R468-m2
Q9UN86,R468-m1
Q9BUM1,R138-m2
P06744,R438-m1
P47869,R101-m1
Q8NCL4,K452-m1
O60755,R354-m2
O60755,R365-m2
P17677,K216-m1
P04406,K5-m2
P04406,K66-m2
P04406,K194-m2
P04406,K219-m2
P04406,K227-m2
P04406,K260-m2
P04406,K263-m2
P04406,K334-m2
Q99501,R421-m1
Q8NHY3,R460-m1
Q8NHY3,R471-m1
P23769,R86-m2
P23771,R261-me
Q8WUU5,K6-m2
Q8WUU5,K21-m2
Q86YP4,R213-m1
Q86YP4,R225-m1
Q86YP4,R249-m2
Q86YP4,R249-m1
Q86YP4,R258-m1
Q86YP4,R258-m2
Q86YP4,R273-m1
Q86YP4,R273-m2
Q86YP4,R285-m1
Q86YP4,R293-m1
Q86YP4,R532-m1
Q86YP4,R539-m2
Q86YP4,R539-m1
Q8WXI9,R10-m1
Q8WXI9,R277-m1
Q8WXI9,R286-m1
Q8WXI9,R286-m2
Q8WXI9,R331-m1
Q8WXI9,R509-m1
Q9HCG7,K904-m1
O75323,R164-m1
P32455,K544-m2
Q6ZN66,K554-m1
Q6ZN66,K565-m1
Q92616,K1663-m1
Q96NM4,R357-m1
Q9NPB8,R497-m2
Q9NPB8,R498-m2
P31150,K264-m1
P50395,R68-m1
Q6W3E5,K296-m1
Q6W3E5,K303-m1
P14136,R11-m1
P14136,R11-m2
P14136,R12-m1
Q9NZ52,R548-m2
O14908,R196-m1
O14908,R203-m1
O14908,R240-m1
O14908,R240-m2
P29033,R75-me
P29033,K221-me
P29033,K223-me
P36383,K115-m1
Q6UWU2,R417-m2
P10070-1,R605-m2
P10075,R125-m2
P10075,R140-m2
Q9NZM4,K404-m1
P00367,K302-m1
O43424,R880-m1
O43424,R913-m1
P39086,K386-m2
P39086,K396-m2
Q6ZSJ9,R467-m1
P36915,R82-m1
Q8TDQ7,K172-m2
Q7Z5G4,R118-m2
Q14789,K323-m1
Q14789,K332-m1
Q14789,K945-m1
Q14789,K1740-m1
Q86WP2,R87-m1
Q9HC44,R101-m1
Q9HC44,K199-m1
Q9HC44,K200-m1
Q9HC44,K203-m1
Q96P65,K269-m1
Q5T848,K732-m3
Q99680,R241-m1
Q13227,R312-m2
Q13227,R323-m1
Q13227,R323-m2
Q96CP6,K535-m1
Q96CP6,K543-m1
Q13322,R316-m1
P34947,K548-m3
P30101,K61-m1
P11021,K581-m3
P11021,K585-m3
P11021,K585-m2
P11021,K585-m1
P11021,K591-m1
P11021,K591-m2
P14625,K663-m1
Q14687,R232-m1
Q14687,R305-m2
Q14687,R993-m1
P09211,K209-m3
P52655,R167-m1
P78347,K456-m1
Q8WUA4,K148-m1
O43824,R55-m1
P25092,K1054-m1
Q3C1W8,R20-m1
P16401,K27-m1
P16401,K37-m2
P16403,K52-m1
P16403,K75-m1
P16403,K119-m1
P16403,K168-m1
P16403,K187-m2
P16403,K187-m1
P16402,K65-m1
P16402,K98-m1
P16402,K107-m1
P10412,K26-m3
P10412,K26-m1
P10412,K26-me
P10412,K26-m2
P10412,K64-m1
P10412,K75-m1
P10412,K97-m1
P10412,K106-m1
P10412,K119-m1
P10412,K121-m1
P10412,K129-m1
P10412,K148-m1
P10412,K159-m1
P10412,K171-m1
P10412,K177-m1
P10412,K192-m1
P07305,K12-m1
P07305,K59-m1
P07305,K82-m1
P07305,K102-m1
P07305,K108-m1
P07305,K155-m1
Q8IZA3,R147-m1
Q8IZA3,K205-m1
Q92522,R128-m1
Q92522,K196-m1
Q92522,K207-m1
Q92522,K210-m1
P0C0S8,R20-m1
P0C0S8,R29-m2
Q96QV6,R20-m1
Q99878,R21-m1
Q9BTM1,R21-m1
O75367,K18-m1
O75367,K123-m2
O75367,K239-m1
O75367,K239-m2
Q93077,R21-m1
Q6FI13,R21-m1
P16104,R20-m1
P16104,K134-m2
P33778,K46-me
P33778,K46-m2
P33778,K57-m2
P33778,K108-m2
P33778,K108-me
Q96A08,K7-m2
Q96A08,K13-m2
P62807,K6-m1
O60814,K6-m1
Q16778,K6-m1
P57053,K6-m1
Q7Z2G1,R66-m1
Q7Z2G1,K152-m2
P68431,R2-me
P68431,R2-m2
P68431,K4-m3
P68431,K4-me
P68431,K4-m2
P68431,K4-m1
P68431,R8-m2
P68431,K9-me
P68431,K9-m3
P68431,K9-m2
P68431,K9-m1
P68431,K14-m3
P68431,K14-m1
P68431,K14-m2
P68431,K14-me
P68431,R17-m2
P68431,R17-me
P68431,K18-m1
P68431,K23-m1
P68431,K23-m3
P68431,R26-m1
P68431,R26-m2
P68431,R26-me
P68431,K27-m1
P68431,K27-m2
P68431,K27-me
P68431,K27-m3
P68431,K36-m2
P68431,K36-m3
P68431,K36-m1
P68431,K36-me
P68431,K37-m1
P68431,K37-m2
P68431,K37-m3
P68431,R40-m2
P68431,K56-m2
P68431,K56-m3
P68431,K56-m1
P68431,K64-m3
P68431,K64-m1
P68431,K79-me
P68431,K79-m2
P68431,K79-m1
P68431,K79-m3
P68431,K122-m1
P68431,K122-m2
P84243,K4-m1
P84243,K9-m3
P84243,K9-m2
P84243,K9-m1
P84243,K27-m2
P84243,K27-m1
P84243,K27-m3
P84243,K36-m3
P84243,K36-m2
P84243,K36-m1
P84243,K37-m3
P84243,K37-m1
P84243,K37-m2
P84243,K79-m1
P84243,K79-m2
P62805,R3-me
P62805,R3-m2
P62805,R3-m1
P62805,K12-m3
P62805,K16-m3
P62805,K20-m2
P62805,K20-m3
P62805,K20-me
P62805,K20-m1
P62805,K31-m1
P62805,K31-m2
P62805,R55-m2
P62805,R55-me
P62805,K59-m2
P62805,K59-m1
P62805,K59-m3
P62805,K77-me
Q6DRA9,K13-m3
Q6DRA9,K17-m3
Q6DRA9,K21-m3
Q6DRA9,K21-m2
Q6DRA9,K21-m1
Q6DRA9,K60-m3
Q5JVS0,R70-m1
Q5JVS0,R73-m1
Q5JVS0,R82-m1
Q8IYU2,K888-m3
Q9NYQ3,R175-m1
P51610,R504-m1
P51610,R504-m2
P51610,R524-m1
P51610,R608-m1
P51610,R847-m1
P51610,R855-m2
P51610,R855-m1
P51610,R1219-m1
P51610,R1219-m2
P51610,R1253-m1
Q13547,R36-m1
Q13547,K432-me
Q92769,R37-m1
O14777,R20-m2
Q9UBI9,K195-m1
Q5U5R9,R613-m2
Q9P2P5,K199-m1
Q9NRZ9,K569-m1
P42694,R1219-m1
P42694,R1245-m1
Q6MZM0,K258-m1
P21860,K736-m1
O95714,K967-m1
O95714,K969-m1
Q8IVU3,K389-m3
O94992,R146-me
O94992,R273-me
O94992,K296-me
O94992,R347-me
Q96MH2,R199-me
Q96MH2,R215-m2
Q96MH2,R223-m2
Q04756,R113-m1
Q04756,R130-m1
Q9BW72,R74-m2
P60008,K119-m3
Q8IUH5,K296-m1
Q8IUH5,K299-m1
P20671,R21-m1
P04908,R21-m1
Q96KK5,R21-m1
P06899,K6-m1
Q8IUE6,R21-m1
Q8IUE6,R89-m1
Q8IUE6,K120-m2
Q8IUE6,K128-m2
Q16777,R21-m1
Q71DI3,K5-m2
Q71DI3,R9-m2
Q71DI3,K28-m2
Q71DI3,K28-m3
Q71DI3,K28-m1
Q71DI3,K37-m1
Q71DI3,K37-m3
Q71DI3,K37-m2
Q71DI3,K38-m2
Q71DI3,K38-m3
Q71DI3,K38-m1
Q71DI3,R41-m2
Q71DI3,K80-m2
Q71DI3,K80-m1
Q7L7L0,R21-m1
Q16695,K10-m3
Q16695,K15-m3
Q16695,K24-m1
Q16695,K28-m3
Q16695,K28-m1
Q16695,K28-m2
Q16695,K37-m1
Q16695,K37-m3
Q16695,K37-m2
Q16695,K38-m1
Q16695,K38-m2
Q16695,K38-m3
Q16695,R41-m2
Q16695,K80-m2
Q16695,K80-m1
Q68CJ6,K29-m2
P17096,K7-m1
P17096,K15-m1
P17096,K23-m1
P17096,R24-m1
P17096,R26-m2
P17096,R26-m1
P17096,K31-m1
P17096,K46-m2
P17096,K55-m1
P17096,R58-m1
P17096,R58-m2
P17096,R60-m1
P17096,R60-m2
P17096,K62-m1
P17096,K65-m1
P17096,K67-m2
P17096,K71-m1
P17096,R73-m1
P17096,K74-m1
P17096,R81-m2
P17096,R84-m2
P17096,R86-m2
P17096-2,K15-m1
P17096-2,R24-m2
P17096-2,R24-m1
P17096-2,R26-m1
P17096-2,R26-m2
P17096-2,R45-me
P17096-2,R45-m2
P17096-2,R47-me
P17096-2,R49-me
P17096-2,R73-m2
P17096-2,K81-m1
P09429,K112-me
P26583,R110-m2
P26583,K112-m2
P35914,K80-m1
P54868,K276-m3
P31942,R116-m1
P31942,R121-m2
P31942,R121-m1
P31942,R129-m2
P31942,R129-m1
P31942,R135-m2
P31942,R174-m1
P31942,R301-m1
P31942,R323-m1
P31942,R323-m2
P31942,R343-m1
P31942-2,R116-m1
P31942-2,R121-m1
P31942-2,R129-m2
P31942-2,R129-m1
Q99729,R245-m2
Q99729,R245-m1
Q99729,R248-m1
Q99729,R248-m2
Q99729,R253-m1
Q99729,R322-m1
Q99729,R322-m2
Q99729-3,R250-m1
Q99729-3,R253-m1
Q99729-3,R253-m2
Q13151,R139-m1
Q13151,R189-m1
Q13151,R284-m1
Q13151,R291-m2
Q13151,R291-m1
P09651,R31-m1
P09651,R140-m1
P09651,K161-m1
P09651,R194-m1
P09651,R194-m2
P09651,R196-m1
P09651,R206-m2
P09651,R206-m1
P09651,R218-m2
P09651,R218-m1
P09651,R225-m2
P09651,R225-m1
P09651,R232-m2
P09651,R232-m1
P09651,R336-m1
P09651,R352-m1
P09651,R352-m2
P09651,R370-m2
P09651,R370-m1
P09651,R371-m1
P22626,R153-m2
P22626,R203-m1
P22626,R203-m2
P22626,R213-m2
P22626,R213-m1
P22626,R228-m1
P22626,R238-m1
P22626,R266-m1
P22626,R266-m2
P22626,R325-m1
P22626,R350-m1
P22626,R352-m1
P51991,R52-m1
P51991,R52-m2
P51991,R76-m1
P51991,R214-m1
P51991,R216-m2
P51991,R216-m1
P51991,R226-m2
P51991,R226-m1
P51991,R239-m2
P51991,R239-m1
P51991,R246-m2
P51991,R246-m1
P51991,R257-m1
P51991,R286-m1
P51991,R286-m2
P51991,R354-m1
P51991,R376-m1
P07910,R151-m1
P07910,R160-m1
O14979,R25-m2
O14979,R25-m1
O14979,R82-m1
O14979,K161-m1
O14979,R408-m1
O14979,R408-m2
Q14103,R272-m1
Q14103,R272-m2
Q14103,R278-m2
Q14103,R278-m1
Q14103,R280-m2
Q14103,R280-m1
Q14103,R345-m1
Q14103,R345-m2
Q14103-3,R272-m2
Q14103-3,R278-m2
Q14103-3,R280-m1
Q14103-3,R280-m2
Q14103-3,R282-m1
Q14103-3,R282-m2
P52597,R212-m2
P52597,R212-m1
P52597,R217-m1
P31943,R44-m1
P31943,R212-m2
P31943,R217-m2
P31943,R217-m1
P31943,R224-m2
P31943,R224-m1
P31943,R230-m2
P31943,R233-m2
P31943,R233-m1
P31943,R259-m1
P31943,R259-m2
P31943,R262-m2
P31943,R262-m1
P55795,K98-m2
P55795,R212-m2
P55795,R217-m1
P55795,R217-m2
P55795,R224-m2
P55795,R224-m1
P55795,R230-m2
P55795,R233-m2
P55795,R233-m1
P61978,R22-m1
P61978,R46-m1
P61978,R246-m1
P61978,R247-m1
P61978,R249-m2
P61978,R256-m1
P61978,R256-m2
P61978,R258-m1
P61978,R258-m2
P61978,R263-m1
P61978,R268-m2
P61978,R268-m1
P61978,R271-m1
P61978,R277-m1
P61978,R286-m1
P61978,R296-m2
P61978,R296-m1
P61978,R299-m2
P61978,R299-m1
P61978,R303-m2
P61978,R303-m1
P61978,R305-m1
P61978,R316-m1
P61978,R325-m1
P61978,R328-m1
P14866,R46-m1
P52272,R496-m1
P35637,R216-m2
P35637,R216-m1
P35637,R218-m1
P35637,R218-m2
P35637,R242-m2
P35637,R242-m1
P35637,R244-m2
P35637,R248-m2
P35637,R251-m2
P35637,R259-m1
P35637,R259-m2
P35637,R371-m1
P35637,R394-m2
P35637,R394-m1
P35637,R407-m1
P35637,R407-m2
P35637,R481-m1
P35637,R485-m1
P35637,R503-m1
P35637,R514-m1
O43390,K126-m3
O43390,K128-m3
O43390,K235-m1
O43390,K259-m1
O43390,R500-m1
O43390,R502-m1
O43390,R532-m1
O43390,R573-m1
Q00839,R50-m1
Q00839,R702-m2
Q00839,R702-m1
Q00839,R707-m2
Q00839,R709-m2
Q00839,R709-m1
Q00839,R715-m1
Q00839,R715-m2
Q00839,R720-m2
Q00839,R720-m1
Q00839,R727-m1
Q00839,R727-m2
Q00839,R732-m1
Q00839,R733-m2
Q00839,R733-m1
Q00839,R739-m1
Q00839,R739-m2
Q00839,R755-m2
Q00839,R762-m1
Q00839,R762-m2
Q00839,R768-m1
Q00839,R768-m2
Q00839,R773-m1
Q00839,R773-m2
Q00839,R779-m2
Q00839,R779-m1
Q00839,R787-m1
Q32P51,R31-m1
Q32P51,R140-m1
Q32P51,K161-m1
Q32P51,R194-m2
Q32P51,R194-m1
Q32P51,R196-m1
Q32P51,R225-m1
Q32P51,R284-m1
Q1KMD3,R656-m1
Q1KMD3,R656-m2
Q1KMD3,R666-m1
Q1KMD3,R671-m1
Q1KMD3,R684-m1
Q1KMD3,R684-m2
Q1KMD3,R688-m2
Q1KMD3,R688-m1
Q1KMD3,R693-m1
Q1KMD3,R695-m1
Q1KMD3,R720-m1
Q1KMD3,R738-m1
Q1KMD3,R747-m1
P45973,K32-m1
P45973,K40-m1
P45973,K91-m1
P45973,K143-m1
P45973,K154-m2
Q7LGA3,R123-m2
Q8IZT8,K142-m1
Q96QI5,R132-m2
P11142,K88-m3
P11142,R469-m1
P11142,K557-m3
P11142,K557-m2
P11142,K561-m3
P11142,K561-m1
P11142,K561-m2
P11142,K567-m3
P11142,K567-m2
P11142,K567-m1
P11142,K569-m2
P28845,K56-m1
Q8NBQ5,K60-m3
Q8NBQ5,K62-m3
Q8NBQ5,K70-m3
Q4G112,K571-m2
P04792,R5-m1
P04792,R12-m1
P04792,R56-m1
P10809,K292-m1
P10809,K516-m1
P0DMV8,R49-m1
P0DMV8,R469-m1
P0DMV8,K561-m1
P0DMV8,K561-m2
P0DMV8,K561-m3
P34932,K557-m3
P34932,K559-m3
P34932,K773-m1
P07900,K513-m2
P07900,K615-m1
P08238,K347-m1
P08238,K607-m1
Q58FF3,K302-m1
P34931,K189-m1
P17066,K142-m1
P17066,K330-m1
P17066,R471-m1
P38646,R513-m1
Q16082,R52-m1
Q16082,R61-m1
Q9UJY1,R71-m1
Q9UJY1,R78-m2
Q9UJY1,R78-m1
P61604,K36-m1
O43464,R5-m1
O43464,R8-m1
Q15717,R205-m1
Q15717,R206-m1
Q15717,R217-m2
Q15717,R217-m1
Q15717,R217-me
Q15717,R219-m1
Q15717,R219-m2
Q7Z6Z7,R2545-m1
Q7Z6Z7,R3149-m1
Q4G0P3,R2513-m1
Q6NWY9,R821-m2
Q8TCB0,K443-m2
P09913,K309-m1
Q96LB3,R15-m1
Q96LB3,R51-m1
Q8WYA0,R333-m1
Q8WYA0,R345-m1
P78318,R225-m2
P08069,R471-m1
P08069,R480-m1
P08069,K1354-m1
Q9Y6M1,K77-m1
Q9Y6M1,K78-m1
P01859,K196-m1
Q14005,K978-m3
O95256,K554-m1
Q9NPH9,K62-m1
P25024,R279-m1
P25024,R280-m1
Q12905,R16-m1
Q12905,R16-m2
Q12905,R24-m1
Q12905,R24-m2
Q9NQS7,K630-m2
Q9NQS7,K631-m2
Q9NQS7-2,R887-m1
Q9NXR8,R19-m2
Q8WYH8,R126-m1
Q14642,K400-m2
Q14642,K407-m2
P06213,K1352-m1
Q9Y283,R726-m2
Q9Y283,R734-m2
O95373,K379-m2
O95373,K403-m2
O95373,K445-m1
O95373,K446-m1
Q15051,K331-m2
P46940,R787-m1
P46940,K1088-m3
P46940,K1096-m3
Q86VI3,K398-m2
Q5JU85,K1468-m1
Q8IU81,R177-m1
Q02556,K269-m1
P35568,R373-m1
Q9Y4H2,R412-m1
Q9Y4H2,R429-m1
Q9Y4H2,K1134-m2
Q9Y4H2,K1170-m1
P78415,K289-m1
Q86U28,R22-m1
Q96J02,K53-m1
Q06033,K832-m1
Q06033,K840-m1
Q14624,R56-m1
Q14624,K831-m1
Q14624,K842-m1
Q6UXX5,R1211-m1
Q6UXX5,R1215-m1
Q8WWA0,K189-m2
Q8WWU7,K201-m2
Q6IE81,R501-m2
Q6IE81,R503-m2
Q96AA8,R122-m1
Q96AA8,R130-m1
Q96AA8,R138-m1
Q5VZ66,K218-m3
Q9BY66,R1299-m2
Q9BY66,R1299-m1
Q92833,K116-m2
Q9UQF2,R86-m2
Q9UPT6,R84-m1
Q9UPT6,R101-m1
Q9UPT6,R102-m1
Q9Y4C1,K839-m2
Q7LBC6,R355-m1
Q7LBC6,K1752-m2
Q8N9B5,R427-m2
Q13155,R26-m1
Q96IF1,K7-m1
P04264,R82-m1
P13646,R27-m1
P13646,R35-m1
P13646-3,R27-m1
P02533,K15-m1
P02533,K243-m2
P08779,K15-m1
P05783,R45-m1
P05783,R45-m2
P05783,R50-m1
P05783,R55-m1
P08727,R7-m1
P08727,R7-m2
P08727,R24-m2
P08727,R24-m1
P08727,R32-m1
P08727,R43-m2
P08727,R43-m1
P08727,R51-m1
P35900,R42-m1
Q9C075,R179-m2
Q14532,R113-m2
P02538,R42-m1
P48668,R42-m1
P08729,R20-m1
P08729,R20-m2
P08729,R25-m1
P08729,R46-m1
P08729,R48-m1
P05787,R18-m2
P05787,R18-m1
P05787,R23-m1
P05787,R32-m1
P05787,R40-m1
P05787,R47-m1
P05787,R47-m2
Q9NSB4,K137-m2
Q9NSB4,K207-m2
Q9NSB4,K354-m2
Q9NSB4,K354-m3
Q9NSB2,K455-m2
O43790,K193-m2
O43790,K222-m2
O43790,K377-m2
O60229,R1036-m1
Q9BW62,R138-m1
Q9UP95,K757-m1
Q9P0J7,R159-m1
Q9P0J7,R159-m2
Q9P0J7,R165-m1
Q9P0J7,R165-m2
Q9P0J7,R167-m1
O14649,R64-m1
Q12791,R1215-m1
Q9H2S1,R566-m2
Q9Y597,K750-m1
Q07666,R45-m2
Q07666,R52-m2
Q07666,K194-m1
Q07666,K200-m1
Q07666,R282-m1
Q07666,R284-m2
Q07666,R284-m1
Q07666,R289-m2
Q07666,R289-m1
Q07666,R291-m2
Q07666,R291-m1
Q07666,R302-m2
Q07666,R302-m1
Q07666,R304-m1
Q07666,R304-m2
Q07666,R310-m1
Q07666,R310-m2
Q07666,R315-m1
Q07666,R315-m2
Q07666,R320-m1
Q07666,R320-m2
Q07666,R325-m2
Q07666,R325-m1
Q07666,R331-m2
Q07666,R331-m1
Q07666,R340-m1
Q07666,R346-m2
Q07666,R346-m1
Q07666,R348-m2
Q07666,R348-m1
Q07666,R442-m1
Q5VWX1,R348-m1
O75525,R220-m1
O75525,R220-m2
O75525,R226-m2
O75525,R237-m2
O75525,R239-m2
O75525,R245-m2
O15037,R339-m1
O15037,R560-m2
Q92945,R411-m2
Q92945,R411-m1
Q92945,R413-m2
Q92945,R413-m1
Q92945,R415-m2
Q92945,R415-m1
Q92945,R442-m1
Q92945,R442-m2
Q12768,K768-m2
Q8IZA0,R555-m2
Q6ZU52,R451-m2
Q2M389,K29-m1
Q2M389,K33-m1
Q2LD37,K4998-m1
Q6ZU35,K158-m1
Q6ZU35,K160-m1
Q6ZU35,K166-m1
Q9ULG3,K105-m2
Q69YN4,R1687-m1
Q69YN4,R1687-m2
Q69YN4,R1694-m2
Q69YN4,R1694-m1
Q69YN4,R1697-m2
Q69YN4,R1723-m1
Q69YN4,R1741-m1
Q69YN4,R1741-m2
Q69YN4,R1773-m2
Q69YN4,R1775-m2
Q69YN4,R1775-m1
Q69YN4,R1793-m2
Q69YN4,R1793-m1
Q69YN4,R1808-m1
Q9HCM1,K1429-m1
Q9H0B3,K561-m2
Q9H0B3,R943-m1
Q9H0B3,R943-m2
Q9H0B3,R944-m1
Q9H0B3,R1148-m2
Q6NSI8,K670-m3
Q6NSI8,K672-m3
Q9ULH0,R1149-m1
Q15058,R1187-m1
Q15058,R1188-m1
Q15058,R1189-m1
Q96L93,K670-m3
Q8NI77,K517-m1
Q8NI77,K534-m1
Q2TAC6,R807-m2
Q2TAC6,R831-m2
Q12756,R1490-m2
O43896,R948-m2
O43896,R958-m2
O43896,R958-m1
O43896,R963-m1
O43896,R1041-m1
O43896,R1072-m2
Q14807,R12-m2
Q14807,R27-m2
Q9ULI4,R1621-m2
Q9ULI4,R1647-m2
Q86VH2,K958-m1
O00139,K161-m1
O00139,K169-m1
P33176,R956-m1
Q2M1P5,K1208-m3
O60870,R36-m1
O60870,K135-m3
O60870,K135-m1
O60870,K302-m1
O60870,K306-m1
Q8IZU9,R283-m1
Q8IZU9,R287-m1
Q9Y4X4,K313-me
Q6PID8,R13-m1
Q6PID8,R37-m1
Q8NBE8,R489-m2
Q9H0H3,R551-m2
Q9UH77,K518-m2
Q2WGJ6,K503-m1
Q2WGJ6,K508-m1
Q8IXQ5,R21-m2
Q8IXQ5,R38-m2
P03952,R604-m1
P03952,R605-m1
Q1ED39,K101-m1
Q1ED39,R430-m1
O15131,K110-m2
A5PL33,R186-m1
A5PL33,R190-m1
Q6ZNG9,K25-m1
Q9NPI7,K237-m1
P04259,R42-m1
Q7RTS7,K145-m1
P12956,K92-m1
P12956,K114-m1
P12956,K207-m1
P13010,K702-m1
Q13303,R28-m2
Q5T7N2,R212-m2
P83111,K237-m3
O00515,K367-m1
O00515,R424-m1
O95278,R325-m2
P25391,K2479-m1
P24043,K1943-m1
Q13751,K1127-m3
P02545,R644-m1
P20700,R14-m1
O95461,K728-m3
Q659C4,R138-m2
Q659C4,R153-m2
Q659C4,R155-m2
Q659C4,R303-m2
Q71RC2,R368-m1
Q71RC2,R443-m1
Q71RC2,R445-m1
Q71RC2,R450-m1
Q71RC2,R680-m1
Q71RC2,R686-m1
Q92615,R404-m1
Q92615,R419-m2
Q92615,R419-m1
Q92615,R493-m1
Q92615,R493-m2
Q14847,K75-m1
Q8IWV1,R112-m1
O15050,K312-m1
O15050,K2246-m3
P63167,K49-m3
A4D1U4,R34-m1
A4D1U4,R41-m1
P62502,K51-m2
Q96JN0,K400-m3
Q96JN0,K402-m3
Q6ZMV7,K208-m1
Q6ZMV7,K223-m1
Q8NC56,K264-m1
Q8NC56,K266-m1
Q96BZ8,R137-m1
Q96PV6,K248-m1
Q96PV6,K257-m1
Q96PV6,R435-m1
Q8IVL5,K705-m2
Q8WXD0,K333-m1
P49917,R40-m2
P49917,R47-m2
P49917,K432-m1
P49917,K442-m1
Q8NHJ6,K362-m3
Q9UPQ0-3,K804-m1
Q8IWQ1,K143-m1
Q8IWQ1,K144-m1
Q7L985,R471-m1
Q8NG48,R317-m1
Q86W92,R527-m1
Q8IVB5,R18-m1
Q6ZP24,K167-m1
A8MX80,K73-m3
B7WPI5,R60-m2
Q9H3A8,R54-m1
Q96LV3,K14-m2
Q8NEG2,K215-m2
D6RIA3,R1322-m2
B4DGN0,R284-m2
Q6ZU82,K126-m1
A6NNC1,R742-m1
Q8NDH2,K1835-m1
Q8NDH2,K1853-m1
Q5TH74,R17-m2
Q17RB8,R77-m2
Q17RB8,R82-m2
Q17RB8,K203-m1
Q08397,R141-m1
P08519,R4524-m1
P08519,R4533-m1
Q96II8,R205-m2
Q96II8,R222-m2
Q5T3J3,K325-m3
Q07954,K458-m1
Q07954,R539-m2
Q8ND23,K761-m2
Q6UY01,K511-m2
Q9Y546,K349-m1
Q8N1G4,R333-m2
Q32MZ4,K185-m3
O60341,K322-m3
Q9H089,R5-m2
Q9H089,R5-m1
Q9H089,R14-m1
Q9H089,R14-m2
P83369,R279-m1
Q9BX40,R118-m1
Q9BX40,R234-m1
Q9BX40,R351-m1
Q9BX40,R354-m1
Q9BX40,R356-m1
Q9BX40,R373-m1
Q9BX40,R379-m1
Q9Y4Z0,R88-m2
Q9Y4Z0,R90-m2
Q9Y4Z0,R102-m1
Q9Y4Z0,R102-m2
Q9Y4Z0,R109-m2
Q9Y4Z0,R115-m1
Q9Y4Z0,R117-m2
Q9Y4Z0,R117-m1
Q9Y4Z0,R125-m2
Q9Y4Z0,R125-m1
Q14914,R280-m1
Q8N2S1-3,K5-m1
Q86TE4,K253-m1
Q86TE4,K255-m1
P55055,R126-m1
Q86UE4,K261-m1
Q99698,K979-m1
O43283,K541-m2
Q9BRK4,R254-m1
Q9BRK4,K607-m2
Q8WXG6-3,K884-m1
O15481,R242-m2
Q8N7X4,K218-m3
Q9UNF1,R219-m1
Q9UNF1,K453-m2
Q5TCQ9,K1389-m2
Q5TCQ9,K1412-m2
Q7Z304,R371-m2
P11137-4,K412-m1
Q6ZN16,K751-m1
P27816,K1011-m1
Q9P2E8,R164-m2
Q9H992,R406-m2
Q9UEW3,K246-m1
Q96L34,R60-m1
Q8IWZ3-6,R1840-m1
Q6P0Q8,R1004-m1
O60307,R878-m1
O60307,R892-m1
O15021,R1640-m1
O15021,R1641-m1
P43243,R92-m1
P43243,K602-m1
P43243,K608-m1
Q8N884,K301-m1
Q9UIS9-5,K172-m1
Q9UBB5,R2-m1
Q9UBB5,R61-m2
Q96DN6,R896-m1
P02686,R241-m2
P02686,R241-m1
Q8IVS2,R79-m1
Q8IVS2,R340-m1
P23508,K260-m1
Q86YR7,K435-m3
Q99705,K389-m1
P49736,R126-m1
B7Z8Z6,K457-m1
P33991,K806-m3
P53985,K494-m1
Q14676,K45-m2
Q14676,K1075-m2
Q14676,K1104-m2
Q14676,K1140-m2
Q14676,K1345-m2
Q14676,K1740-m2
Q14676,R1943-m1
Q8TC05,K573-m2
Q8TC05,K574-m2
P51608,K119-m2
P51608,K210-m2
Q93074,R1859-m2
Q93074,R1862-m2
Q93074,R1899-m2
Q93074,R1912-m2
Q93074,R1994-m2
Q93074,R2015-m2
Q6P2C8,K134-m1
Q14814,K267-m1
Q14814,K267-m2
Q7Z7M0,R2023-m1
Q9Y2U5,K260-me
Q14680,K639-m3
Q14680,K650-m3
Q12866,R775-m2
P35240,R351-m2
P35240,R353-m2
Q9UJH8,R263-m1
Q641Q3,R281-m1
Q9UBP6,R24-m1
Q96IZ6,K113-m1
Q6P1Q9,K113-m1
Q8IWD5,K217-m1
Q8IWI9,K928-m1
Q8IWI9,K937-m1
Q8IWI9,R1761-m2
Q8IWI9,R2226-m1
Q8IWI9-3,R1552-m2
Q8IWI9-3,R1566-m2
Q8IWI9-3,R1577-m2
H3BU53,R409-m2
H3BU53,R423-m2
H3BU53,R434-m2
Q9UQ53-3,R8-m2
Q9UQ53-3,R17-m2
F8VTY5,K98-m1
C9JLR9,R15-m1
C9JLR9,R26-m1
C9JLR9,R28-m1
Q8NC60,K673-m3
Q13255,K740-m1
Q9BQP7,K333-m2
Q8IY33,R435-m1
S4R3V1,K186-m1
Q9NU22,K781-m2
P14174,R12-m1
Q8N4C8,R509-m1
Q99797,R331-m1
Q8TD10,K147-m1
Q8TD10,K153-m1
Q9NYP9,R34-m1
Q8IVT2,R6-m2
Q8IVT2,R6-m1
P45985,R58-m2
P45985,R58-m1
Q969V6,K351-m2
Q9ULH7,K381-m1
O95147,R17-m1
Q13064,R73-m1
P58340,R23-m2
P58340,R27-m2
P58340,R219-m1
Q16584,R512-m1
Q03164,K623-m1
Q9UMN6,R181-m1
Q9UMN6,R188-m1
Q9UMN6,R222-m2
Q9UMN6,K1866-m3
O14686,R3727-m2
O14686,R4212-m2
O14686,R4966-m2
O14686,R4975-m2
O14686,R4978-m2
O14686,K5024-m2
Q9HAP2,K140-m2
P24347,K107-m1
Q6ZRQ5,R366-m1
Q6ZRQ5,R374-m1
Q9HBD1,R666-m2
Q9BUB5,R455-m1
Q96BY2,R122-m1
P35372-5,K410-m2
Q86VD1,K765-m2
Q14149,K261-m1
Q15014,R4-m1
Q15014,R11-m1
Q15014,R35-m1
Q5VT66,R111-m1
Q9BXT6,R926-m2
Q9BXT6,R940-m2
Q99549,K436-m1
Q9Y5S2,R671-m1
P49959,R570-me
P49959,R572-me
P49959,R574-me
P49959,R576-me
P49959,R577-me
P49959,R580-me
P49959,R587-me
P49959,R587-m1
P49959,R592-me
P49959,R594-me
P49959,R594-m1
Q14865,K336-m2
Q6IN84,R316-m1
Q9NZE8,K160-m1
Q9NYK5,K253-m2
Q9BYD3,R147-m1
Q9Y3D9,R21-m1
Q8NCY6,K90-m1
Q8NCY6,K114-m1
Q8NCY6,K297-m1
P43246,K104-m3
P21757,K245-m1
Q9UJ68,K41-m1
Q9UJ68,K49-m1
Q58WW2,R364-m1
Q58WW2,R366-m1
Q58WW2,R368-m1
Q13330,K532-m2
Q13330,K532-m1
Q13330,R604-m1
Q9NZJ7,R29-m1
Q9Y483,K412-m1
Q9Y483,K416-m1
Q2M296-3,K41-m1
Q8NCE2,R638-m1
Q9NYA4,K92-m2
Q9NYA4,K95-m2
O95248,K1222-m1
Q9Y2Z2,K533-m1
Q5JR59,K1075-m1
O43347,R197-m1
O43347,R199-m1
Q96DH6,R197-m1
Q96DH6,R199-m1
Q96DH6,R201-m1
Q96DH6,R228-m1
Q96DH6,R261-m1
Q14324,K1085-m2
O75592,K3176-m1
P12882,K857-m2
P12882,K862-m2
P35580,K594-m1
P35580,R1930-m1
P35749,K129-m1
P35749,K1925-m1
Q7Z406,K1657-m1
Q7Z406,R1665-m2
Q9Y623,K857-m2
Q9Y623,K862-m2
Q9Y623,K1030-m1
Q9Y623,K1087-m1
Q9Y623,K1097-m1
P12883,K1324-m3
P35579,K8-m3
P35579,K1442-m2
Q9UKN7,K577-m3
Q9UKN7,K578-m3
Q9UKN7,K584-m3
Q9UKN7,R1095-m1
Q92614,R1583-m1
Q9UBC5,K659-m1
Q12965,R103-m2
B0I1T2,K140-m1
B0I1T2,R274-m2
B0I1T2,K518-m1
B2RTY4,K1885-m3
Q13459,R2055-m1
O14974,K1002-m2
O14974,K1008-m2
O95251,K376-m2
Q92794,K1330-m2
Q92794,R1889-m2
Q8WYB5,R374-m2
Q8WYB5,R1265-m1
Q6P582,R133-m1
Q6P582,R136-m1
Q6NZ67,R133-m1
Q6NZ67,R136-m1
O75376,R1628-m2
Q49A26,K96-m1
Q49A26,K108-m1
O00401,R307-m1
Q5TBK1-2,R152-m1
Q92802,K509-m1
Q6N069,K24-m1
Q14CX7,K40-m1
Q14CX7,K48-m1
Q14CX7,K219-m2
Q9UQQ1,R676-m1
P43681,R10-m1
P43681,R25-m1
P43681,R33-m1
Q96HR8,R375-m1
P60323,R146-m1
P60323,R147-m1
P60323,R156-m1
Q8NEY1,R688-m1
Q8NEY1,R692-m1
Q8NEY1,K1317-m1
Q8NEY1,K1320-m1
Q8IVL1,R496-m1
Q8IVL0,R555-m1
Q8IVL0,K2282-m2
O60934,K388-m1
P61601,K102-m2
P13591,R130-m2
Q09161,K204-m1
P52298,R146-m1
P19338,R561-m1
P19338,R604-m1
P19338,R656-m2
P19338,R656-m1
P19338,R660-m1
P19338,R660-m2
P19338,R666-m2
P19338,R670-m2
P19338,R673-m2
P19338,R679-m2
P19338,R681-m1
P19338,R681-m2
P19338,R687-m2
P19338,R687-m1
Q14686,R95-m2
Q14686,R148-m1
Q14686,R413-m2
Q9Y5B8,R174-m2
O95803,K123-m1
O95803,K125-m1
O00483,K10-m2
Q9NX14,R12-m2
O43676,K39-m3
O75306,R118-m2
O75306,R323-m1
P49821,R257-m1
P20929,R3745-m2
P20929,K4535-m1
P20929,K4541-m1
P20929,R6533-m2
P20929,R6535-m2
O76041,K271-m1
O76041,K513-m2
O76041,K524-m2
O76041,K525-m2
O76041,K708-m3
O76041,K712-m3
O76041,R795-m1
O76041-2,R96-m1
Q8NC96,R180-m1
P51957,K622-m1
Q8TDF5,K376-m1
Q8NC67,K336-m1
Q9Y3R4,R314-m1
Q8WWR8-2,R17-m2
Q8NFP9,R2014-m1
Q8NFP9,R2014-m2
Q8NFP9,R2015-m2
Q92686,R38-m1
Q92686,R68-m1
P21359,R1204-m1
Q12906,R609-m2
Q12906,R609-m1
Q12906,R640-m1
Q12906,R642-m1
O00712,R335-m1
P08651,R365-m1
P08651,R365-m2
P08651,R395-m2
P08651,R451-m1
Q04206,K37-m1
Q04206,K37-me
Q04206,K218-me
Q04206,K221-me
Q04206,K310-m1
Q04206,K314-m1
Q04206,K315-m1
Q9UBC1,R291-m1
Q96HA7,R797-m1
P07197,R42-m1
Q9UMS0,R7-m1
Q12986,K292-m1
Q6ZNB6,R18-m1
Q96IV0,K210-m3
Q9H9Q4,K288-m3
Q5SYE7,R319-m1
F5H593,R829-m1
F5H593,K977-m1
Q92542,R434-m1
Q14157,R168-m1
Q14157,R172-m1
Q14157,R187-m2
Q14157,R190-m2
Q14157,R829-m1
Q14157-1,R969-m1
Q6KC79,K954-m1
Q9NQR4,R265-m2
Q13621,K722-m1
Q13621,K735-m1
O15226,K666-m3
P30414,K637-m1
P30414,K639-m1
P52952,R225-m2
P78426,R189-m2
Q86W24,R314-m1
Q86W24,R444-m2
Q12879,K880-m1
Q13232,R35-m1
Q9UPW5,R1121-m2
P40261,K8-m2
Q9H6W3,K480-m1
Q9H8H0,K346-m1
O00567,R359-m1
O00567,K478-m1
O00567,K480-m1
Q9NY12,R51-m2
Q14978,R683-m1
Q5C9Z4,R650-m1
Q5C9Z4,R657-m1
Q15233,R256-m1
Q15233,R456-m1
Q86U38,R21-m2
Q86U38,R613-m1
Q8IVI9,K113-m2
O75175,R635-m1
Q9UM47,R2174-m1
Q8IXT1,K931-m3
O75607,R27-m1
Q6UXI9,K96-m3
Q15466,R57-me
Q15466,R238-m2
P10589,K148-m1
P24468,K141-m1
Q92570,R187-m2
O00482,K173-m2
P01111,K88-m1
Q9H7Z3,K97-m1
Q9H7Z3,K99-m1
Q9H7Z3,K101-m1
Q9ULB1,R747-m2
Q9Y4C0,K636-m2
O60506,K123-m3
O60506,K125-m3
O60506,K213-m1
O60506,R444-m1
O60506,R446-m1
O60506,R448-m1
O60506,R496-m1
O60506,R498-m1
O60506,R526-m1
O60506,R526-m2
O60506,R533-m1
O60506,R565-m1
Q96L73,R1986-m2
Q9UNZ2,K247-m3
Q9UNZ2,K251-m3
Q96P11,R340-m1
Q3KNT7,R74-m1
Q63ZY6,R156-m1
O60285,R284-m1
Q8TB37,K61-m1
Q9H1E3,K9-me
Q9H1E3,K64-me
Q9H1E3,K175-m1
Q9H1E3,K175-me
Q9H1E3,K218-me
Q8NFP7,K73-m1
Q8NFP7,K75-m1
Q96G61,K73-m1
Q96G61,K75-m1
Q9NZJ9,K74-m1
Q9NZJ9,K76-m1
Q14980,R311-m2
P49757-3,K63-m1
P57740,R60-m1
Q8WUM0,R17-m1
Q8WUM0,R61-m1
P49790,R1465-m1
Q9ULI1,K1718-m2
Q9UBU9,R82-m1
P58417,R101-m2
Q9P2P1,K21-m1
Q9Y6K5,K958-m1
Q9Y6K5,R963-m1
Q5BJF6,K572-m2
Q5BJF6,K580-m2
Q5SWX8,K282-m1
O75665,K888-m2
O43482,K215-m2
O43482,K226-m2
Q9NTK5,K323-m1
Q8NGN2,K9-m2
Q9P1Q5,K231-m1
A4D2G3,R292-m1
Q8NG85,K294-m2
Q8NG75,R151-m2
Q8NGG2,R178-m2
Q8NGG3,R169-m2
A6NCV1,K300-m3
A6NL08,K296-m2
A6NL08,K300-m2
O43929,K7-m1
Q9BXB5,R38-m1
Q9BXW6,K382-m1
Q9H0X9,R379-m1
Q5T2D3,K23-m3
Q01804,K1040-m1
Q01804,R1061-m2
Q01804,R1061-m1
Q8TE49,K586-m2
Q6IE36,R104-m1
Q8N573-2,R16-m1
P38936,R156-m2
P46527,R15-m1
P46527,R154-m2
Q09472,R2059-m2
Q09472,R2142-me
Q96L91,R1597-m1
P04637,R110-m1
P04637,H115-m1
P04637,R209-m1
P04637,R213-m1
P04637,R333-me
P04637,R335-m2
P04637,R337-m2
P04637,K370-m3
P04637,K370-m1
P04637,K370-me
P04637,K370-m2
P04637,K372-m1
P04637,K372-me
P04637,K373-m2
P04637,K373-m1
P04637,K382-m2
P04637,K382-m1
P04637,K386-m2
P04637,K386-m1
Q9H3D4,K242-m1
Q9BRP4,R103-m1
P11940,R385-m1
P11940,R419-m1
P11940,R419-m2
P11940,R432-m1
P11940,R432-m2
P11940,R436-m2
P11940,R436-m1
P11940,R443-m2
P11940,R455-m2
P11940,R455-me
P11940,R460-me
P11940,R460-m2
P11940,R467-m2
P11940,R475-m2
P11940,R475-m1
P11940,R481-m1
P11940,R493-m2
P11940,R493-m1
P11940,R506-m1
P11940,R518-m1
Q9H361,R426-m2
Q9H361,R430-m2
Q9H361,R437-m2
Q9H361,R461-m2
Q9H361,R469-m1
Q9H361,R469-m2
Q13310,R179-m1
Q13310,R385-m1
Q13310,R419-m1
Q13310,R432-m1
Q13310,R436-m1
Q13310,R442-m2
Q13310,R454-m2
Q13310,R454-m1
Q13310,R459-m2
Q13310,R463-m2
Q13310,R509-m2
Q13310,R518-m2
Q13310,R530-m1
Q13310-2,R442-m2
Q13310-2,R454-m2
Q13310-2,R459-m2
Q13310-2,R463-m2
Q13310-2,R483-m2
Q13310-2,R496-m2
Q13310-2,R496-m1
Q13310-2,R505-m2
Q86U42,R17-m1
Q86U42,R238-m1
Q86U42,R259-m2
Q86U42,R259-m1
Q86U42,R263-m2
Q86U42,R263-m1
Q86U42,R265-m2
Q86U42,R267-m2
Q86U42,R269-m2
Q86U42,R277-m2
Q86U42,R277-m1
Q86U42,R279-m2
Q86U42,R279-m1
Q86U42,R287-m2
Q86U42,R287-m1
Q86U42,R289-m1
Q86U42,R289-m2
Q86U42,R291-m2
Q86U42,R291-m1
Q86U42,R294-m2
Q86U42,R296-m2
Q86U42,R298-m2
Q86U42,R298-m1
Q8N7B6-2,K210-m1
Q8N7B6-2,K212-m1
Q15004,K15-m1
Q8NC51,R160-m1
Q8NC51,R163-m2
Q8NC51,R163-m1
Q8NC51,R165-m1
Q8NC51,R177-m1
Q8NC51,R177-m2
Q8NC51,R181-m1
Q8NC51,R181-m2
Q8NC51,R188-m1
Q8NC51,R201-m1
Q8NC51,R216-m1
Q8NC51,R216-m2
Q8NC51,R364-m1
Q8NC51,R367-m1
Q8NC51,R370-m1
Q8NC51,R373-m1
Q8NC51-3,R216-m1
Q9H074,R13-m2
Q9H074,R15-m2
Q9H074,R17-m2
Q9H074,R21-m1
Q9H074,R21-m2
O96013,K78-m1
Q9P286,R285-m2
Q8WX93,R1098-m1
Q6PIY7,R73-m1
Q6PIY7,R75-m1
Q6PIY7,R131-m1
Q6PIY7,R325-m2
O43252,R47-m1
O95340,R37-m1
Q8TEW0,R294-m1
Q8TEW8,K514-m1
Q8TEW8,K517-m1
Q8TEW8,K869-m1
Q8TEW8,K870-m1
Q8TEW8,R1191-m2
P09874,K508-m1
P09874,K674-m2
Q9NR21,K268-m2
Q460N5,K399-m1
Q9UKK3,R1476-m2
Q86TB9,R217-m2
Q86TB9,R223-m2
Q86TB9,R263-m2
Q86TB9,R284-m2
Q86TB9,R316-m1
Q86TB9,R316-m2
P15863,R48-m2
P15863,R51-m2
Q96AQ6,K531-m1
Q96AQ6,K539-m1
Q92831,K78-me
Q92831,K78-m1
Q92831,K89-me
Q92831,K89-m1
Q92831,K638-m1
Q92831,K638-me
Q92831,K671-me
Q92831,K672-me
Q92831,K692-me
Q9Y5H7,R170-m2
Q9Y5H7,R196-m2
Q9Y5E4,K7-m1
Q9UN71,K190-m2
O94913,R805-m2
O94913,R820-m2
O94913,R833-m2
O94913,R833-m1
O94913,R847-m2
O94913,R855-m2
O94913,R864-m1
O94913,R864-m2
O94913,R877-m2
O94913,R882-m2
O94913,R890-m2
O94913,R903-m2
O94913,R929-m2
O94913,R942-m2
O94913,R955-m2
O94913,R981-m2
O94913,R994-m2
O94913,R1007-m2
O94913,R1030-m2
O94913,R1051-m2
O94913,R1062-m2
O94913,R1065-m2
O94913,R1074-m2
O94913,R1074-m1
O94913,R1086-m2
O94913,R1093-m2
O94913,R1104-m2
Q9H4Z3,R598-m2
Q9H6A9,R274-m1
Q9H6A9,R702-m1
Q99447,R6-m1
Q13442,K126-m1
Q14690,R917-m2
Q14123,K695-m3
P16499,K84-m2
P18545,R36-m2
Q13956,R32-m2
P16234,K378-m1
Q9NR12,R103-m2
Q9P0J1,R43-m1
Q8IXQ8,R184-m2
Q8IXQ8-2,R122-m2
P36955,K316-m1
Q9UBV8,R7-m2
O15534,R576-m1
O15534,R803-m2
O15534,R805-m2
P41219,K98-m2
O75420,K858-m1
Q13608,R93-m2
Q13608,R95-m2
Q13608,R119-m1
O60925,K28-m1
Q01813,K109-m2
Q6P3X8,R412-m1
Q96G03,K268-m2
Q6PCE3,K501-m1
P35232,K4-m1
P35232,K11-m1
O75151,K631-m2
O75151,K642-m2
Q9BVI0,K177-m2
A8MW92,K75-m1
Q96BD5,R314-m1
Q96CB8,K122-m1
Q96CB8,K419-m1
Q92576,K159-m1
Q92576,R1799-m2
Q92576,R1867-m2
Q92576,R1877-m2
Q92576,R1911-m1
Q92576,R1915-m1
Q9UPP1,K244-m1
Q16816,K304-m1
Q6NSJ2,R444-m1
Q6ZVD8,K1066-m1
Q9UMS5,R243-m2
Q9BTU6,K240-m1
Q9BTU6,K243-m1
O75925,R303-m2
Q13492,R636-m2
Q9Y6V0,K1459-m2
Q2NKX8,K48-m1
Q2NKX8,K55-m1
Q2NKX8,K1156-m1
O95427,K404-m3
O00443,R139-m2
O00443,K280-m2
Q8NEB9,K287-m1
B4DXM8,K328-m2
B4DXM8,K329-m2
Q9UBF8,K290-m2
O14986,K301-m3
O00625,R97-m1
Q8TC59,R76-m1
Q8TC59,R146-m1
Q8TC59,R158-m1
P22612,R132-m2
P98161,R2089-m1
P98161,R2109-m1
Q7Z442,R2306-m2
Q13237,K521-m2
P08F94,R2286-m1
P30613,K290-m1
P14618,K3-m3
Q16512,R366-m1
P19525,K61-m1
P19525,K69-m1
Q99959,R46-m1
Q99959,R125-m1
Q9Y446,R81-m1
Q9Y446,R261-m1
Q99569,K982-m1
Q00722,R874-m1
Q00722,R893-m1
Q9P212,K1541-m1
Q9P212,K1555-m1
Q15149,R1627-m1
Q15149,R1637-m1
Q15149,R1812-m1
Q15149,R3514-m1
Q15149,R4631-m2
Q15149,R4640-m1
Q9HAU0,R424-m1
Q9H7P9,R329-m1
A1L390,R1107-m1
Q3KR16,R67-m1
Q8IVE3,K226-m1
Q7Z736,R638-m1
Q7Z736,R642-m1
Q9NYY3,K366-m1
Q14651,R93-m1
O43157,R2051-m1
O60486,R1127-m1
O60486,R1128-m1
Q05516,K387-m2
Q05516,K396-m2
P23634,R572-m2
Q8TBY8,R551-m2
P29590-3,R656-m2
P29590-3,R659-m2
P29590-3,R662-m2
P29590-3,R664-m2
Q96T60,R224-m1
Q9H307,R54-m2
Q9H307,R54-m1
Q9H307,R56-m1
Q9H307,R56-m2
Q9H307,R62-m2
Q9H307,R62-m1
Q9H307,R63-m1
Q9NP80,R125-m2
Q8TCS8,K569-m1
Q96QC0,R665-m1
Q96QC0,R665-m2
Q96QC0,R674-m2
Q96QC0,R688-m1
Q96QC0,R693-m1
Q96QC0,R705-m1
Q96QC0,R707-m1
Q96QC0,R710-m1
Q96QC0,R723-m1
Q96QC0,R726-m1
Q96QC0,R729-m1
Q8WVV4-1,K138-m1
Q7Z3K3,R183-m2
P06746,R83-m1
P06746,R152-m1
P28340,R19-m1
P24928,K708-m1
P24928,R1810-m2
P30876,K1052-m1
P30876,R1064-m1
Q9NW08,K1013-m1
P05423,R95-m1
P05423,R97-m1
P05423,R99-m1
O00411,K28-m1
Q86U86,K329-m2
Q96HA1,R223-m1
Q96HA1,R223-m2
Q96HA1,R229-m2
Q96HA1,R265-m2
A8CG34,R242-m2
O95707,K36-m2
Q14863,K233-m2
Q14863,K236-m2
Q8WYW5,R78-m2
Q9Y536,K125-m2
Q9UNP9,K254-m1
P30405,K190-m1
Q13356,R512-m1
Q8WUA2,R435-m1
Q8WUA2,R437-m1
Q8WUA2,R441-m1
O15355,R22-m1
Q9Y570,R16-m1
Q8WUF5,R82-m1
Q8WUF5,R122-m2
Q8WUF5,R122-m1
Q8WUF5,R155-m1
Q8WUF5,R155-m2
Q8WUF5,R160-m1
Q8WUF5,R167-m1
Q8WUF5,R167-m2
Q8WUF5,R180-m1
Q8WUF5,R185-m1
Q8WUF5,R200-m1
Q8WUF5,R400-m1
P67775,L309-me
Q14738,R523-m1
Q16537,K449-m2
O60828,R10-m1
P06401,K464-m1
Q5VWM5,K185-m1
O60810,K185-m1
Q5TYX0,K183-m1
Q5VXH4,K183-m1
Q96B36,R51-m2
Q96B36,R51-m1
Q9H4Q4,R259-m1
Q9H4Q4,R263-m1
Q9H4Q4,K269-m3
P57071,R996-m1
Q13029,R508-m1
Q13029,R516-m1
Q13162,R173-m1
Q4J6C6,R63-m1
Q9BYK8,K1564-m1
P16471-4,K357-m1
P16471-4,K369-m1
P55345,R53-m1
P55345,R61-m2
P55345,R61-m1
P55345,R72-m1
P55345,R72-m2
O60678,K81-m2
Q9NR22,R58-m1
Q9NR22,R73-m2
Q86WR7,R28-m1
Q86WR7,R252-m2
Q86WR7,R320-m1
Q86WR7,R369-m1
Q86WR7,R378-m1
Q86WR7,R387-m2
Q86WR7,R403-m1
Q86WR7,R414-m1
O94906,R23-m2
O94906,R23-m1
Q6P2Q9,K1425-m3
Q6P2Q9,K1425-m1
Q6P2Q9,K1425-m2
Q6P2Q9,K1516-m3
Q6P2Q9,K1517-m3
Q96HE9,K212-m1
Q96HE9,K220-m1
Q9ULL5,R334-m1
Q9ULL5,K340-m1
Q9ULL5,K342-m1
Q9ULL5,K835-m2
Q9ULL5,K844-m2
P79522,R66-m1
P79522,R83-m1
P79522,R87-m1
P79522,R120-m1
P79522,R120-m2
Q53SZ7,R346-m2
Q53SZ7,K390-m1
Q53SZ7,K398-m1
Q9H6K5,R99-m1
Q9H6K5,R260-m1
Q96M27,R67-m2
Q9Y520,R242-m1
Q9Y520,R255-m1
Q9Y520,R255-m2
Q9Y520,R266-m2
Q9Y520,R279-m1
Q9Y520,R281-m1
Q9Y520,R293-m1
Q9Y520,R747-m1
Q9Y520,R1186-m1
Q9Y520,R1188-m1
Q9Y520,R1190-m1
Q9Y520,R1196-m1
Q9Y520,R1198-m1
Q9Y520,R1350-m1
Q9Y520,R1353-m1
Q9Y520,R1358-m1
Q9Y520,R2637-m1
Q9Y520,R2689-m1
Q9Y520,R2719-m1
Q9Y520,R2719-m2
Q9Y520,R2823-m1
A5PKW4,K910-m1
A5PKW4,K912-m1
P23246,R7-m2
P23246,R9-m1
P23246,R9-m2
P23246,R19-m1
P23246,R19-m2
P23246,R25-m1
P23246,R25-m2
P23246,R32-m2
P23246,R236-m1
P23246,R242-m1
P23246,R245-m1
P23246,R681-m1
P23246,R693-m1
P23246,R695-m1
P23246,R706-m1
O14818,R163-m1
Q99460,R199-m2
Q9UL46,K3-m2
P61289,K121-m1
P61289,K212-m1
Q92530,R205-m1
Q92530,R231-m1
Q8WXF1,R507-m1
Q8WXF1,R507-m2
Q8WXF1,R520-m2
Q8WXF1,R520-m1
O60293,R55-m1
O60293,R56-m1
O60293,R62-m1
O60293,R84-m1
O60293,R95-m2
O60293,R99-m2
O60293,R105-m2
O60293,K319-m3
O60293,K1287-m2
O75127,R235-m2
O75127,R235-m1
Q9H3S7,K608-m2
Q9H3S7,K613-m2
Q9H3S7,R950-m1
Q9H3S7,R1595-m1
Q9H3S7,R1615-m1
Q9H3S7,R1618-m1
P23468-5,R588-m1
P23469,K226-m1
P23469,K237-m1
Q13332,R610-m2
Q13332,R1492-m2
Q14671,R796-m1
Q8TB72,R462-m1
Q96QR8,R152-m1
Q96PZ0,R450-m1
Q15269,K691-m1
A1KZ92,R673-m2
A1KZ92,R675-m2
P06737,R82-m1
Q9BRQ0,R105-m1
Q9BRQ0,R130-m2
Q9BRQ0,R130-m1
Q9BRQ0,R131-m2
Q9BRQ0,R131-m1
Q96PU8,R227-m1
Q96PU8,R242-m1
Q96PU8,R242-m2
Q2KHR3,R1171-m1
Q2KHR3,R1178-m1
Q2KHR3,R1185-m1
Q2KHR3,K1550-m1
Q15032,R286-m1
Q15032,R929-m2
Q15032,R929-m1
P59190-2,R160-m1
Q96AX2,K144-m1
Q15042,R887-m1
Q15042,R892-m1
Q96QF0,K462-m1
Q5JT25,K145-m1
P63000,K123-m1
P63000,K130-m3
P15153,K123-m1
P15153,K130-m3
P63244,K280-m1
Q92878,K20-m1
Q92878,R797-m2
Q9Y4B4,R483-m2
Q15109-4,K150-m3
Q9ULJ6,R438-m2
Q9UKM9,R131-m1
Q9UKM9,R141-m1
P49792,R890-m2
P49792,R945-m1
P49792,R945-m2
P49792,R1016-m1
P49792,R1016-m2
P61224,C181-me
Q70E73,K134-m1
P54136,K143-m3
P54136,R472-m2
Q7LDG7-2,R643-m1
Q9NS23,R18-m1
Q9NS23,R36-m1
P50749,R142-m2
P50749,R144-m2
P50749,R151-m2
P50749,R165-m2
Q9H2L5,K232-m1
Q8IY67-2,R472-m1
P06400,R775-m2
P06400,R787-m2
P06400,R798-m2
P06400,K810-m2
P06400,K810-m1
Q09028,R55-m1
Q7Z6E9,R530-m2
Q7Z6E9,R534-m2
Q7Z6E9,R877-m1
Q7Z6E9,K1531-m1
Q16576,K159-m1
P98175,R895-m1
P98175,R902-m1
P98175-2,R901-m1
Q8IXT5,R369-m2
Q96PK6,R274-m1
Q9UPN6,R917-m2
Q9UPN6,R927-m2
Q9UPN6,R938-m2
Q9UPN6,R1120-m1
Q9UPN6,R1124-m1
Q9UPN6,R1139-m1
Q9NW64,R395-m2
Q5T8P6,R855-m1
Q5T8P6,R857-m1
Q5T8P6,R878-m1
Q9P2N5,R411-m2
Q9P2N5,R455-m1
Q9P2N5,K734-m2
Q9P2N5,R943-m1
Q9P2N5,R943-m2
Q9NW13,R147-m1
Q9NW13,R154-m1
P98179,R47-m1
P98179,R87-m1
P98179,R87-m2
P98179,R90-m1
P98179,R90-m2
P98179,R99-m1
P98179,R99-m2
P98179,R101-m1
P98179,R101-m2
P98179,R105-m2
P98179,R105-m1
P98179,R121-m1
P98179,R131-m2
P98179,R131-m1
P98179,R138-m1
Q96EV2,R224-m2
Q96EV2,R231-m2
Q96EV2,R237-m2
Q96EV2,R279-m1
Q96EV2,R286-m1
Q96EV2,K302-m1
Q96EV2,R442-m2
Q96EV2,R450-m2
Q96EV2,R470-m2
Q96EV2,R658-m2
Q96EV2,R672-m2
Q96EV2,R678-m2
Q96EV2,R682-m1
Q96EV2,R682-m2
Q96EV2,R1028-m2
Q96EV2,R1028-m1
Q96EV2,R1070-m2
Q96EV2,R1070-m1
Q96EV2,R1078-m1
Q96EV2,R1078-m2
Q6NXG1,R582-m1
Q6NXG1,R636-m1
Q9H6T0,R677-m1
Q9BTD8,R145-m1
Q9BTD8,R153-m2
Q9BTD8,R158-m2
Q9BTD8,R168-m2
Q9BTD8,R181-m2
Q9BTD8,R186-m2
A0AV96,K263-m2
A0AV96,R332-m1
A0AV96,R381-m1
A0AV96,R383-m1
A0AV96,R394-m2
A0AV96,R394-m1
A0AV96,R405-m1
A0AV96,R405-m2
A0AV96,R410-m1
P78332,R258-m1
Q9Y580,K45-m2
Q9Y580,R152-m1
Q9Y580,R190-m2
Q9Y580,R198-m2
Q9Y580,R201-m1
O43251,R281-m1
O43251,R286-m1
O43251,R329-m2
O43251,R381-m1
O43251-6,R20-m1
O43251-9,R268-m1
P38159,R101-m1
P38159,R125-m2
P38159,R125-m1
P38159,R144-m1
P38159,R151-m1
P38159,R156-m1
P38159,R164-m1
P38159,R172-m2
P38159,R172-m1
P38159,R185-m2
P38159,R292-m1
P38159,R298-m1
P38159,R369-m1
Q96E39,R125-m2
Q96E39,R125-m1
Q96E39,R144-m1
Q96E39,R185-m1
Q96E39,R187-m1
Q96E39,R292-m1
Q96E39,R343-m1
Q96E39,R346-m1
Q96E39,R354-m1
Q96E39,R368-m1
Q96E39,R368-m2
Q96E39,R372-m2
P09455-3,R9-m1
P10745,K1070-m3
Q93062-3,R197-m1
Q5TC82,R729-m2
Q9UKA8,R222-m2
A6NED2,R56-m1
Q15293,K81-m1
Q15293,R83-m1
Q8IZ40,R479-m2
Q8IZ40,R491-m2
Q8IZ40,R498-m2
Q8IZ40,R502-m2
Q9P2K3,R445-m2
Q9P2K3,R457-m2
Q9NYR8,K45-m1
P46063,K88-m1
P46063,K91-m1
P46063,K487-m1
O94761,K110-m1
O94761,K114-m1
Q01201,R16-m1
Q8IUW5,K240-m3
Q92900,R1019-m1
O60673,K2868-m1
Q8N1G1,R191-m1
Q8IX06,K490-m2
Q9Y3B8,R12-m1
Q9Y3B8,R211-m1
P40938,K7-m3
P48382,R328-m2
P48382,R338-m2
P48382,R354-m2
P48382,R354-m1
P48382,R370-m1
Q6ZV50,K300-m3
Q6ZV50,K307-m3
Q8NET4,R1271-m2
Q9NZL6-2,K17-m1
Q9NZL6-2,K21-m1
Q3MIN7,R603-m1
P0DJD0,R875-m2
P0DJD1,R883-m2
A6NKT7,R891-m2
Q7Z3J3,R891-m2
Q99666,R890-m2
O14715,R890-m2
Q08116,K13-m2
Q08116,K24-m1
Q08116,K164-m2
O94810,K37-m1
O14924,R524-m1
O14924,R633-m1
P49796,R448-m1
Q6PJF5,R192-m1
P61586,K119-m1
P08134,K119-m1
Q8TCX5,R657-m2
Q6R327,K1367-m1
Q5UIP0,K43-m3
Q5UIP0,R411-m1
Q5UIP0,K519-m1
Q5UIP0,K521-m1
Q5UIP0,K2367-m1
Q9UQ26,K49-m1
Q9UQ26,K52-m1
Q9UQ26,K56-m1
Q13671,R664-m1
Q13671,R692-m1
Q06587,R202-m1
P48552,R239-m1
P48552,R649-m1
P48552,K850-m1
P48552,R947-m1
Q86XN8,R524-m1
Q13129,K1150-m1
Q13129,K1151-m1
Q13129,K1156-m1
Q13129,K1470-m1
Q6F5E8,K126-m1
Q6F5E8,R1095-m2
Q96E14,R42-m1
Q5GAN3,K80-m1
O60930,R175-m1
Q6ZNA4,R861-m2
Q9NVW2,R360-m1
Q5XPI4,R306-m1
Q9BV68,R128-m2
Q9BV68,R130-m1
Q9BV68,R130-m2
Q2KHN1,R32-m1
Q96GF1,R94-m2
Q96GF1,R103-m2
Q5VTR2,K610-m1
Q5VTR2,K614-m1
Q5VTR2,K769-m1
Q63HN8,K4968-m1
Q63HN8,K4974-m1
Q8ND24,R621-m2
Q8ND24,R621-m1
Q5VTB9,R196-m2
Q96BH1,R437-m1
O75150,K795-m1
Q14498,R109-m2
Q14498,R109-m1
Q14498,R122-m1
Q14498,R123-m1
Q14498,R124-m1
O43818,R10-m1
Q9H814,K169-m2
Q96MS0,R1314-m1
Q96MS0,R1363-m1
Q96MS0,R1365-m1
Q96MS0,R1367-m1
O75116,K1368-m1
P27694,K163-m1
P49247,R21-m1
P49247,R42-m1
P49247,R46-m1
P49247,R52-m1
P26373,R74-m1
P47914,K5-m1
P39023,K250-m1
P39023,K394-m2
P39023,K399-m2
P49207,R76-m1
P49207,R88-m1
P83881,K44-m1
P83881,K53-m1
P83881,R57-m1
P83881,K58-m1
Q969Q0,K44-m1
Q969Q0,K53-m1
Q969Q0,K53-m2
Q969Q0,R57-m1
Q969Q0,K58-m1
Q92901,K250-m1
P36578,R97-m1
P46777,K164-m1
P62917,R242-m2
Q5VT52,R1366-m2
Q5VT52,R1415-m2
Q5VT52,R1418-m2
Q5VT52,R1422-m2
Q5VT52,R1424-m2
Q5VT52,R1430-m2
Q5VT52,R1454-m2
Q5VT52,R1460-m2
P46783,R119-m1
P46783,K139-m1
P46783,R153-m1
P46783,R158-m2
P46783,R158-m1
P46783,R158-me
P46783,R160-m2
P46783,R160-me
P46783,R160-m1
P62280,R69-m1
P39019,R67-m1
P15880,R26-m1
P15880,R34-m1
P15880,R36-m1
P60866,K8-m3
P62273,R12-m1
P23396,R64-m2
P23396,R65-m2
P23396,R67-m2
P22090,K155-m1
Q6XPR3,K233-m1
Q9P2E9,K51-m1
P23921,K320-m2
Q5JTH9,R1138-m1
Q5VWQ0,R57-m2
Q7L4I2,R418-m1
Q9Y3I0,R81-m2
Q92541,K44-m3
Q92541,K587-m1
Q9BST9,R9-m1
Q9BST9,R14-m1
Q9BST9,R547-m1
O95197,K540-m2
O95197,R754-m1
Q96T51,K225-m2
Q96T51,K555-m1
Q7L099-3,R499-m2
Q7L099-3,R510-m2
P28702,R25-m1
P48443,K10-m1
P21817,K4229-m1
Q92736,K2136-m3
Q92736,K2140-m3
Q92736,K3438-m1
Q92736,K3441-m1
Q9UBT2,K271-m1
Q15424,R811-m1
Q15424,R868-m1
Q15424,R868-m2
Q15424,R874-m1
Q15424,R874-m2
Q15424,R884-m2
Q15424,R884-m1
Q15424,R902-m1
Q15424,R910-m1
Q15424-3,R818-m2
Q14151,R835-m1
Q14151,R897-m1
Q14151,R903-m1
P23526,K291-m2
Q6SPF0,R104-m1
Q6SPF0,R284-m1
Q6SPF0,R291-m1
Q9P1V8,K73-m1
Q9P1V8,K78-m1
Q9P1V8,K89-m1
Q9UPU9,R573-m1
Q5PRF9,R602-m2
Q5PRF9,R602-m1
Q5PRF9,R615-m2
Q5K651,K432-m1
Q8IVG5,K436-m1
Q9Y512,K255-m1
Q9H0E3,R232-m1
Q9H0E3,K869-m3
Q9HAJ7,K78-m1
Q15020,R906-m1
Q15020,R906-m2
Q15020,R918-m1
O94885,R920-m1
Q9H4B6,R75-m1
Q9Y2G9,K568-m3
Q8N9R8-2,K56-m3
Q8N9R8-2,K62-m3
O95171,K109-m1
O95171,K490-m3
Q9Y6U3,K489-m1
Q9Y6U3,K500-m1
Q96NL6,K445-m3
Q96I15,K89-m1
Q99250,K1990-m3
Q99250,K1998-m3
Q14524,R513-m1
Q14524,R513-m2
Q14524,R526-m1
Q01118,K466-m1
Q9UQD0,K509-m2
O43819,R243-m1
Q9P2R7,R106-m1
Q6P3W7,K688-m3
Q9NVU7,R310-m2
Q9NVU7,R341-m2
Q9NVU7,K539-m2
Q9NVU7,K541-m2
Q86SQ7,K395-m2
Q86SQ7,K399-m2
Q6IQ49,R203-m1
A6NFY7,R23-m1
Q9UDX3,R286-m1
B5MCN3,R286-m1
Q9Y2D4,K189-m1
P53992,R222-m2
O94979,R894-m2
Q9UGP8,K402-m3
Q9UGP8,K403-m3
O95025,K758-m1
O95025,K759-m1
Q9H3T3,R665-m1
Q02383,K363-m1
Q7Z333,R332-m1
Q7Z333,R337-m1
Q7Z333,K2027-m3
Q9UH03,K30-m1
Q99719,K363-m1
Q99719-2,R24-m1
Q16181,R425-m1
Q9UHD8,R10-m1
O75920,R36-m1
P07093,R82-m2
P05155,R4-m1
Q9NUC0,R51-m1
Q5TG53,R69-m1
Q9Y6X0,K725-m1
Q9Y6X0,K1024-m2
O15047,R1227-m1
Q9UPS6,K41-m2
Q9BYW2,K1461-m2
Q9BYW2,K1465-m2
Q9BYW2,K1468-m2
Q15047,K490-m3
Q15047,K1170-m3
Q15047,K1170-m2
Q15047,K1170-m1
Q15047,K1178-m3
Q15047,K1178-m1
Q15047,K1178-m2
Q96T68,K495-m1
Q96T68,K504-m1
Q53H47,K335-m2
Q53H47,K498-m2
Q15637,R345-m2
Q15637,R345-m1
Q15637,R365-m2
Q15637-4,R537-m1
Q15637-4,R545-m1
Q15637-5,R662-m1
Q15637-5,R670-m1
Q15637-6,R467-m1
Q07955,R51-m1
Q07955,R93-m1
Q07955,R93-m2
Q07955,R97-m1
Q07955,R97-m2
Q07955,R109-m2
Q07955,R109-m1
Q07955,R111-m1
O75533,K195-m1
Q13435,R205-m2
Q13435,R205-m1
Q13435,R216-m1
Q13435,R216-m2
Q13435,R222-m2
Q13435,R222-m1
Q13435,R245-m2
Q13435,R245-m1
Q13435,R247-m1
Q13435,R247-m2
Q13435,R502-m1
Q13435,R502-m2
Q13435,R508-m1
Q13435,R508-m2
Q13435,R515-m1
Q13435,R884-m1
Q15427,R390-m2
Q15427,R398-m2
Q15427,R409-m2
Q15427,R415-m2
Q15427,R419-m1
Q15427,R419-m2
Q8IWZ8,R641-m1
Q8IWZ8,R642-m1
Q8WXA9,R387-m2
Q8WXA9,R394-m2
O95104,R888-m2
O95104,R917-m2
Q8N2M8,R460-m1
Q01130,R5-m2
Q01130,R109-m2
Q99590,R308-m1
Q99590,R1151-m1
P84103,R98-m1
Q08170,R83-m1
Q13243,R73-m1
Q13243,R88-m1
Q16629,R236-m2
Q13242,R88-m1
Q13242,R93-m1
Q13242,R98-m1
Q13242,R209-m1
Q96DR7,R79-m2
Q96BR1,K75-m2
Q562F6,K1070-m3
O43147,R412-m2
O43147,R419-m2
Q9NRF2,R270-m1
Q6PD62,K844-m2
Q9BRG2,R548-m1
Q9Y3L3,K3-m1
Q9Y3L3,K142-m2
Q9Y3L3,K143-m2
Q9Y3L3,K147-m2
O60239,K235-m3
O60239,K240-m2
A1X283,K619-m1
Q96T58,R108-m1
Q96T58,R3113-m2
Q96T58,R3121-m2
Q9H0F6,R29-m1
O15357,R1142-m1
P34897,K469-m2
Q149N8,K951-m2
Q9H173,K109-m1
Q96FS4,R13-m1
Q96FS4,R47-m2
Q7Z4H9,R33-m1
Q7Z4H9,R66-m1
Q8IXJ6,R316-m2
Q9NTG7,R51-m1
Q9NTG7,R57-m1
Q9NRC8,R388-m1
Q9UIU6,R198-m1
Q9BY77,R33-m1
Q13573,R438-m1
Q9HD40,R90-m2
Q9P270,R472-m1
Q9P270,R551-m1
Q9P270,K553-m1
Q14493,R137-m1
Q8NCK7,R9-m1
Q08357,K425-m1
Q08357,K426-m1
O75746,K370-m1
Q9UJS0,K453-m1
Q96A46,R39-m1
Q00325,K112-m1
Q00325-2,K89-m1
P12235,K52-m3
P12235,K52-m1
P12235,K52-m2
Q86VD7,R56-m1
P05141,K52-m1
P05141,K52-m3
P05141,K52-m2
P05141,K147-m1
P12236,K49-m3
P12236,K52-m2
P12236,K52-m3
Q9Y2P4,K183-m3
Q6NXT4,R440-m2
Q6NXT4,R440-m1
Q6NXT4,R449-m1
Q6NXT4,R449-m2
Q6NXT4,R455-m2
Q8IWU4,R6-m2
Q96GZ6-6,K212-m1
Q96GZ6-6,K224-m1
Q5BKX6-3,K745-m1
Q5BKX6-3,K746-m1
P04920,K274-m1
Q8WWX8,K157-m1
Q9UN76,K5-m1
Q6ZQN7,K551-m2
Q8IW52,K792-m1
Q8IW52,K801-m1
Q7Z7A4,K568-m1
Q7Z7A4,K576-m1
Q9NWH9,R1017-m1
Q8IY92,K404-m2
Q8IY92,K405-m2
Q8IY92,R1046-m1
O00193,K179-m1
Q14527,R27-m2
Q14527,R27-m1
P51532,R181-m1
Q9H4L7,K268-m3
Q96GM5,R88-m2
Q92925,R73-m2
Q92925,R81-m2
Q92925,R104-m2
Q92925,R116-m2
Q92925,R529-m1
Q969G3,K3-m3
Q969G3,R4-m1
Q969G3,R40-m1
Q14683,R92-m1
Q14683,K149-m1
Q14683,R160-m1
Q14683,K454-m2
Q14683,K1133-m1
Q9UQE7,R72-m1
Q9UQE7,R155-m1
Q9UQE7,R236-m1
Q9UQE7,K245-m1
Q9UQE7,R272-m1
Q9UQE7,R323-m1
Q9UQE7,K409-m1
Q9UQE7,K427-m1
Q9UQE7,K429-m1
Q9UQE7,K445-m1
Q9UQE7,K486-m1
Q9UQE7,R644-m1
Q9UQE7,K997-m1
Q6IN85,K655-m1
Q92540,R910-m2
Q8ND04,R835-m1
Q8ND04,R898-m1
Q9H0W8,K21-m1
Q7Z3B0,R51-m1
Q15746,K603-m1
Q16637,R204-m1
P53814,R419-m1
P53814,R436-m1
Q9NXE4,R451-m2
Q9Y618,R1571-m1
Q9Y618,R1661-m2
Q9Y618,R1719-m1
Q9Y618,R1737-m1
Q2TAL5,K354-m1
Q5SXM2,R1300-m1
Q96H20,R4-m1
Q9C0H9,K719-m1
P08621,K130-m1
P08621,R180-m1
P08621,R201-m1
P09012,R152-m1
P09661,K172-m1
P14678,R108-m1
P14678,R108-m2
P14678,R112-m2
P14678,R112-m1
P14678,R147-m2
P14678,R147-m1
P14678,R172-m1
P14678,R172-m2
P14678,R181-m2
P14678,R181-m1
P14678,R209-m2
P14678,R236-m2
P14678-2,R221-m2
P14678-2,R228-m2
P09234,R88-m2
P62314,R98-m2
P62314,R100-m2
P62314,R102-m2
P62314,R104-m2
P62314,R106-m2
P62314,R108-m2
P62314,R110-m2
P62314,R112-m2
P62314,R114-m2
P62318,R97-m2
P62318,R110-m2
P62318,R112-m2
P62318,R114-m2
P62318,R118-m2
P63162,R108-m1
P63162,R108-m2
P63162,R112-m2
P63162,R147-m2
P63162,R147-m1
P63162,R172-m1
P63162,R236-m2
B3KVR1,K9-m1
B3KVR1,K12-m1
Q13424,K109-m3
Q13884,K134-m3
O60749,K442-m2
O14559,R1194-m1
O60493,R43-m2
O60493,R43-m1
O60493,R45-m2
O60493,R45-m1
Q9Y5X3,R277-m1
O14512,R236-m1
Q9Y4B5,R1307-m2
P18583,R936-m1
P18583,R943-m1
P18583,R950-m1
P18583,R989-m2
P18583,R997-m1
P18583,R1015-m1
P18583,R1039-m1
P18583,R1047-m1
P18583,R1064-m1
P18583,R1072-m1
P18583,R1090-m1
P18583-3,R2221-m1
Q9BX66,R323-m1
Q8WY21,K700-m1
Q8WY21,K702-m1
Q07889,K413-m1
Q07889,K420-m1
Q07890,K949-m1
Q07890,K958-m1
O15370,R145-m1
Q9HB58,R347-m1
Q02447,R611-m1
Q02446,R457-m2
Q07617,K705-m2
Q07617,K709-m2
Q6Q759,K404-m1
Q6Q759,K957-m2
Q6Q759,K962-m2
Q86W54,K59-m3
Q86XZ4,R449-m1
Q96JI7,K2182-m2
Q8N0X7,K362-m1
Q8N0X7,K370-m1
Q8N0X7,K382-m1
Q14159,R646-m1
Q9Y657,K7-m1
Q7Z699,K224-m1
P35321,K68-m1
O43597,K78-m1
Q9Y5B9,R12-m1
Q9Y5B9,R13-m1
Q9Y5B9,R1029-m1
Q9Y5B9,R1033-m1
Q9Y5B9,R1036-m1
O00267,R681-m2
O00267,R681-m1
O00267,R696-m2
O00267,R696-m1
O00267,R698-m2
Q9NRC6,R2791-m1
Q9BXG8,K362-m2
Q9H7N4,R635-m1
Q9HD15,K218-m1
Q15788,R1029-m2
Q15788,R1041-m2
Q15788,R1131-m2
Q15596,R489-m2
Q15596,R501-m1
Q15596,K705-m1
Q15596,R874-m2
Q15596,R1173-m2
Q15596,R1177-m2
Q15596,R1190-m2
Q15596,R1196-m2
Q15596,R1203-m2
Q15596,R1221-m2
Q15596,R1261-m1
Q15596,R1266-m2
Q9Y6Q9,R251-m1
Q9Y6Q9,K840-m1
Q9Y6Q9,R951-m2
Q9Y6Q9,K1091-m1
Q9Y6Q9,R1171-m2
Q9Y6Q9,R1177-m2
Q9Y6Q9,R1188-m2
Q6ZRS2,R1224-m2
Q6ZRS2,R1232-m2
O75674,K298-m2
Q96GP6,R474-m1
Q96GP6,R479-m1
Q9UQ35,R27-m1
Q9UQ35,K824-m1
Q9UQ35,R2194-m1
Q9UQ35,R2207-m1
Q9UQ35,R2221-m1
Q9UQ35,R2231-m1
Q9UQ35,R2246-m1
Q9UQ35,R2274-m1
Q9UQ35,R2288-m1
Q9UQ35,R2342-m1
Q9UQ35,R2384-m1
Q9UQ35,R2384-m2
Q9UQ35,R2392-m2
P37108,K105-m1
P37108,K107-m1
Q9BRL6,R106-m1
Q9BRL6,R110-m1
Q9BRL6,R241-m2
Q9BXP5,R45-m1
Q9BXP5,R52-m1
Q9BXP5,R833-m1
Q9BXP5,R833-m2
Q9BXP5,R840-m1
Q9BXP5,R840-m2
Q9BXP5,R850-m1
Q9BYN0,R11-m1
Q9BYN0,R16-m2
Q9BYN0,R16-m1
Q9BWW4,R155-m2
Q9BWW4,R161-m2
Q9BWW4,R165-m2
Q9NQ55,R426-m1
Q9NQ55,R453-m1
Q08945,R645-m1
P32745,R71-m1
P35346,R67-m1
Q99909,K52-m1
Q99909,K60-m1
Q7RTT5,K52-m1
Q7RTT5,K60-m1
Q7RTT3,K52-m1
Q7RTT3,K60-m1
O60225,K52-m1
O60225,K60-m1
O60284,K38-m1
Q11206,K328-m3
Q9NSC7,K227-m1
Q8WVM7,K333-m1
Q8WVM7,K618-m1
Q8N3U4,R1066-m1
P42224,R31-m1
P42224,R31-m2
P40763,K49-m2
O95793,R108-m2
O95793,R108-m1
O95793,R115-m2
O95793,R115-m1
Q9NUL3,R131-m1
Q9NUL3,R137-m1
Q9NUL3,R137-m2
Q13285,K100-m2
P16949,K29-m1
Q96SI9,R608-m1
Q96SI9,R608-m2
Q96SI9,R610-m1
Q5VSL9,K722-m1
O14662,K97-m1
P32856,K55-m1
P32856,K71-m1
P32856,K125-m1
P61764,K321-m3
Q5T5C0,K1142-m1
O95425,R1203-m1
Q6UWL2,R548-m2
Q15022,K403-m1
Q1ZZU3,K223-m3
P34741,R184-m1
Q8NF91,K1383-m1
Q8NF91,K2003-m2
Q8NF91,K4333-m3
Q8WXH0,R224-m2
Q8WXH0,K676-m1
Q8WXH0,R5027-m1
Q9H987,R407-m1
O15079,K90-m3
O15079,K94-m3
Q8N2H4,K144-m3
Q96RJ0,K134-m1
Q9NYJ8,R173-m1
Q9NYJ8,R173-m2
O95359,K1339-m3
O95359,K1346-m3
Q9Y6A5,K51-m3
Q9Y6A5,K54-m3
O75528,R377-m1
O75528,R381-m1
Q12962,K189-me
Q92804,R175-m1
Q92804,R185-m2
Q92804,R185-m1
Q92804,R187-m1
Q92804,R195-m1
Q92804,R206-m2
Q92804,R206-m1
Q92804,K277-m2
Q92804,R326-m1
Q92804,R335-m1
Q92804,R388-m1
Q92804,R395-m1
Q92804,R397-m1
Q92804,R397-m2
Q92804,R403-m1
Q92804,R415-m1
Q92804,R431-m1
Q92804,R459-m1
Q92804,R467-m1
Q92804,R467-m2
Q92804,R475-m1
Q92804,R475-m2
Q92804,R483-m2
Q92804,R483-m1
Q92804,R490-m1
Q92804,R498-m1
Q92804,R505-m1
Q92804,R512-m1
Q92804,R519-m1
Q92804,R528-m1
Q92804,R528-m2
Q92804,R535-m2
Q92804,R535-m1
Q92804,R553-m1
Q92804,R562-m1
Q92804,R562-m2
Q92804,R570-m1
Q92804,R570-m2
Q92804,R580-m1
O00268,R424-m2
O00268,R435-m2
O00268,R491-m2
O00268,R516-m2
O00268,R754-m2
O00268,R769-m2
P49848,K287-m2
P49848,R524-m1
Q9Y6J9,R555-m1
Q9Y6J9,R555-m2
Q9Y6J9,R561-m2
Q9Y6J9,R561-m1
Q9Y6J9,R567-m1
Q9Y6J9,R567-m2
Q9Y6J9,R593-m2
Q9Y6J9,R593-m1
Q15545,K5-me
Q9HBM6,R128-m1
Q16594,R128-m1
Q16594,R186-m1
Q01995,R183-m1
Q01995,R195-m1
P37802,R139-m2
P37802,R182-m1
P37802,R196-m1
Q9UI15,R196-m1
Q9Y4G6,K2477-m1
Q9Y4G6,K2482-m1
Q9HCD6,R1706-m1
Q9C0B7,K63-m3
Q9UL54,R1126-m1
Q9UL54,R1133-m1
Q9UL54-2,R870-m1
Q9UL54-2,R876-m1
Q9UL54-2,R948-m1
Q9UL54-2,R1000-m2
Q9UL54-2,R1000-m1
Q03518,R30-m1
Q03518,R37-m1
Q9H2D6,K2189-m1
Q13148,R293-m1
A2RTX5,K662-m2
A2RTX5,K663-m2
Q9NYW1,R305-m2
Q93075,K56-m1
P10636,K611-m1
P10636-8,K44-m1
P10636-8,K163-m1
P10636-8,K174-m1
P10636-8,K180-m1
P10636-8,K254-m1
P10636-8,K267-m1
P10636-8,K290-m1
Q86UD7,K92-m1
Q2M2D7,K92-m1
Q9UPU7,R54-m2
Q9UPU7,R56-m2
Q66K14,R34-m1
Q14241,K38-m1
Q8IYF1,K26-m2
Q8NG57,K26-m2
O14776,R20-m1
O14776,R20-m2
O14776,R28-m1
O14776,R28-m2
O14776,R30-m2
O14776,R41-m2
O14776,R48-m2
O14776,R64-m1
O14776,K729-m1
O14776,K734-m1
Q9Y242,R14-m1
Q9UGU0,R60-m1
Q9UGU0,R1024-m1
Q7RTU1,R66-m2
Q9BQ70,R198-m2
Q9BQ70,R205-m2
Q9NQB0,R126-m1
Q9P258,R28-m1
Q9H7E2,R245-m1
Q9H7E2,R247-m1
Q8NDG6,K1168-m2
P28347,K101-m2
Q68CZ2,R771-m1
Q99973,R143-m1
Q6N021,R1682-m2
Q00059,K146-m3
Q00059,K147-m3
P19484,R8-m1
P19484,R8-m2
Q92734,R383-m2
Q92734,R385-m1
Q92734,R385-m2
Q92734,R400-m1
Q92734,R400-m2
Q9UBB9,R166-m1
P0C1Z6,R68-m1
P0C1Z6,R68-m2
Q9UP52,R25-m1
Q9UP52,R30-m1
P10600,K162-m3
H3BV60,R180-m1
Q9P2Z0,R112-m2
Q96EK4,R83-m1
Q9H5L6,K667-m3
Q9P2T0,K135-m2
Q07283,R1619-m2
Q86V81,R38-m2
Q86V81,R38-m1
Q86V81,R50-m1
Q86V81,R50-m2
Q86V81,R56-m1
Q86V81,R58-m2
Q86V81,R58-m1
Q86V81,R63-m1
Q86V81,R63-m2
Q86V81,R71-m1
Q86V81,R73-m1
Q86V81,R197-m1
Q86V81,R197-m2
Q86V81,R204-m2
Q86V81,R204-m1
Q86V81,R216-m1
Q86V81,K235-m1
Q6ZMP0,K724-m1
Q9BTF0,R24-m1
Q9BTF0,K134-m1
Q9BTF0,K136-m1
Q9BTF0,K148-m1
Q13009,K887-m1
Q13009,K1397-m3
Q59EY7,R81-m1
Q59EY7,R85-m1
Q59EY7,R100-m1
Q7Z2Z1,K712-m3
Q7Z2Z1,K715-m3
Q9UPN9,R440-m1
Q9UPN9,R515-m2
Q9UPN9,R515-m1
Q9UPN9,R535-m1
Q9UPN9,R577-m2
Q9UPN9,R591-m1
Q9UPN9,R591-m2
Q9UPN9,R598-m2
Q9UPN9,R604-m2
Q6NT04,K15-m1
Q9UNS1,R267-m1
Q9UNS1,R271-m1
Q99727,K86-m1
Q9BSI4,R276-m1
Q8WZ42,K11528-m1
Q8WZ42,K17400-m2
Q8WZ42,R20057-m2
Q8WZ42,K22427-m2
Q8WZ42,K25000-m2
Q8WZ42,K25023-m2
Q8WZ42,R26651-m1
Q8WZ42,K28031-m2
Q8WZ42,K28034-m2
Q8WZ42,K33281-m1
Q15399,K416-m3
Q7Z404,R123-m2
Q7Z404,R126-m2
Q7Z403,R94-m1
Q9P0I2,K216-m1
Q24JP5,R8-m1
Q6NUQ4,R29-m1
Q96HE8,R97-m1
Q9NYL9,R294-m2
P63313,K4-m3
P62328,K4-m3
O95407,R284-m1
O95407,R290-m1
O95407,R295-m1
Q15025,R599-m2
Q15025,R599-m1
Q96KP6,K39-m3
Q9C0C2,K1644-m1
P48788,R7-m2
P48788,R14-m2
P19429,K40-m3
P45378,R119-m1
Q6Y7W6-3,R107-m1
Q6Y7W6-3,R118-m1
Q6Y7W6-3,R120-m1
Q6Y7W6-3,R149-m1
Q6Y7W6-3,R149-m2
O15417,R807-m1
Q9BT09,K225-m2
Q9UPQ9,R85-m2
Q9UPQ9,R1623-m1
Q9HCJ0,R313-m1
Q9HCJ0,R1109-m2
O94826,R71-m1
P11387,K466-m1
P11387,K471-m1
Q02880,K587-m2
Q9NS56,R572-m2
Q9NS56,R579-m2
Q9NS56,R582-m2
Q53ET0,R161-m2
O94842,R481-m2
Q16890,R133-m2
Q16890,R133-m1
P60174,K231-m1
P09493,K161-m1
O94811,K78-m2
P12270,K117-m1
P12270,K124-m1
P12270,K1105-m2
P12270,K1265-m3
P12270,K1326-m3
P12270,R2106-m1
P12270,R2111-m1
P12270,R2111-m2
P12270,R2163-m1
P12270,R2327-m1
P12270,R2343-m2
P12270,R2345-m2
P12270,R2354-m2
P12270,R2359-m2
Q13595,R160-m1
P62995,R210-m1
P62995,R241-m1
P62995,R241-m2
Q86V40,K181-m1
Q9Y448,K268-m3
O00220,R52-m1
Q9Y2W1,R66-m2
Q9Y2W1,R66-m1
Q9Y2W1,R71-m2
Q9Y2W1,R71-m1
Q9Y2W1,R74-m2
Q9Y2W1,R74-m1
Q9Y2W1,R87-m1
Q9Y2W1,R91-m2
Q9Y2W1,R91-m1
Q9Y2W1,R101-m1
Q9Y2W1,R101-m2
Q9Y2W1,R108-m2
Q9Y2W1,R108-m1
Q9Y2W1,K202-m2
Q9Y2W1,K252-m1
Q9Y2W1,K442-m3
Q9Y2W1,R513-m1
Q9Y2W1,R825-m1
Q9Y2W1,R831-m1
Q9Y2W1,R837-m2
Q9Y2W1,R839-m2
Q9Y2W1,R841-m2
Q9Y2W1,R841-m1
Q9Y2W1,R845-m1
Q9Y2W1,R845-m2
Q9Y2W1,R897-m1
Q9Y2W1,R899-m1
Q9Y2W1,R906-m1
Q9Y2W1,R908-m2
Q9Y2W1,R910-m2
O60244,K399-m2
Q9UHV7,R70-m1
Q13061,K625-m3
Q9NSU2,K332-m2
Q15554,R55-me
Q15554,R59-me
Q15554,R60-me
Q15554,R63-me
Q15554,R67-me
Q15554,R69-me
Q15554,R70-me
Q15554,R72-me
Q15554,R312-m2
Q15554,R316-m2
P19474,K138-m1
P19474,R324-m1
O15164,R469-m1
Q9UPQ4,K138-m3
Q96LD4,R582-m1
Q8IWZ4,K100-m1
P0CI25,K202-m2
A6NDI0,K202-m2
Q9BYV6,K226-m2
Q2Q1W2,K495-m1
Q15643,K1399-m1
Q14669,R422-m1
Q15654,R25-m1
Q15654,R111-m1
Q15654,R116-m1
Q15654,R179-m1
Q15654,R186-m2
Q15654,R186-m1
Q15654,R205-m1
Q15654,R214-m1
Q15654,R217-m1
Q15654,R236-m1
Q15654,R238-m1
Q15654,R258-m1
Q15652,R897-m1
Q96FX7,R62-m1
O75648,R332-m2
Q6NT89,R178-m1
O75762,K337-m1
O75762,K503-m1
O75762,K504-m1
Q7Z4N2,K1590-m2
Q9UHF7,K159-m2
Q9Y4A5,K1691-m1
Q9Y4A5,K2405-m1
Q5SRN2,K503-m2
Q9BSV6,R38-m1
Q7Z6J9,R316-m1
O43657,K123-m2
Q9H0U9,R262-m2
Q9H2G4,K407-m3
Q86VY4,K185-m1
Q9Y5U2,R139-m1
Q9Y5U2,R240-m1
Q8IWY7,R294-m1
Q5T0N1,R139-m1
A0AVF1,R12-m1
Q86TV6,K302-m1
Q92623,K165-m3
Q8TAP9,R7-m2
Q8TAP9,R28-m2
Q8TAP9,R37-m2
Q8TAP9,R42-m2
Q8TAP9,R57-m2
Q8TAP9,R57-m1
Q8TAP9,R59-m2
Q8TAP9,R68-m2
Q8TAP9,R77-m1
Q8TAP9,R77-m2
Q8TAP9,R117-m1
Q8TAP9,R117-m2
Q8TAP9,R126-m2
Q9UNY4,R876-m1
Q9UNY4,R890-m1
P33981,K19-m1
P33981,K385-m1
P33981,R467-m2
P68363,R339-m1
P68363,K394-me
Q13748,R156-m1
Q6PEY2,R105-m2
Q6PEY2,R156-m1
P68366,K124-m2
P68366,R339-m1
Q9NY65,K124-m2
A6NHL2,K103-m1
P07437,K19-m2
P07437,R46-m1
P07437,R318-m1
Q13885,K19-m2
Q9BVA1,K19-m2
P68371,R318-m1
Q13509,K19-m2
Q13509,R156-m1
P04350,R318-m1
Q3ZCM7,R380-m1
Q9UGJ1,K21-m1
Q9NRJ4,R950-m2
Q9NRJ4,R1006-m2
O75896,R9-m1
Q13454,R63-m2
Q13454,R67-m2
Q9NUQ3,R12-m1
Q9NUQ3,R24-m1
Q9NUQ3,R27-m1
F8WEA2,K26-m2
Q8NBS9,K221-m1
O00217,R133-m2
Q01081,K39-m1
Q01081,R165-m1
Q01081-3,K39-m1
P26368,R67-m1
O75643,K804-m1
Q9BZF9,K493-m1
Q9BZF9,K504-m2
Q5T6F2,R166-m1
Q5T6F2,R166-m2
O00762,R28-m2
O00762,R34-m2
Q96LR5,K44-m2
Q96LR5,K52-m2
P61081,K61-m2
P61081,R169-m1
Q05086,R294-m1
P17480,K232-m3
P17480,K254-m3
P17480,R429-m1
P17480,R443-m1
O94941,R451-m2
Q6ZT12,K1424-m1
P0CB48,K285-m1
P0CB48,K288-m1
Q92575,K301-m3
Q9Y5K5,R227-m1
P61960,R15-m1
Q9NYU1,K1343-m1
P16662,R469-m2
Q6BDS2,K1072-m2
A0JNW5,K1077-m1
P59773,K107-m1
Q9HAU5,K58-m3
Q9BZI7,R447-m1
P31930,H402-m1
O60287,K73-m2
O60287,K89-m2
Q14146,R1207-m1
Q8TCY9,K371-m1
Q92995,R4-m1
Q9Y2K6,K553-m1
Q9UPT9,R485-m1
A6NNY8,R386-m1
Q8NFA0,K274-m2
Q9P275,K508-m2
Q70CQ1,R335-m2
Q70EK8,R328-m1
Q70EL1,R12-m1
Q92738,K602-m1
Q93008,R844-m1
Q9Y3A2,K108-m1
Q9Y3A2,K114-m1
Q9BVJ6,K298-m1
Q9BVJ6,K307-m1
Q9BVJ6,K309-m1
Q5TAP6,K297-m1
Q5TAP6,K306-m1
Q5TAP6,K308-m1
P46939,R1815-m1
Q9P2Y5,K215-m3
Q9NZW5,R321-m1
Q7L8A9,K146-m1
Q9UKW4,K735-m2
Q9UKW4,K737-m2
Q96JH7,K1108-m1
P55072,K315-m2
P55072,K315-m3
P17948,K306-m3
P17948,K831-m2
P17948,K831-me
P17948,K932-m1
P17948,K1153-m2
Q00341,K892-m1
P08670,R36-m1
P08670,R64-m1
P08670,K120-m1
P18206,R993-m1
P18206,R1003-m1
Q9H9C1,R114-m1
Q709C8,R3519-m1
Q709C8,R3526-m1
Q5THJ4,R3518-m2
Q5THJ4,R3770-m1
Q9H9H4,R218-m1
Q9UEU0,R107-m1
Q5TIE3,K311-m3
Q5TIE3,K314-m3
P42768,R338-m1
P42768,R357-m2
Q9Y2W2,R192-m1
Q9Y2W2,R508-m2
Q8IZQ1,R3472-m1
Q9H1Z4,R114-m1
Q96JK2,K364-m2
Q9UNX4,R854-m1
Q5QP82,R134-m1
Q5QP82,R472-m1
Q9C0J8,R10-m2
Q9C0J8,R16-m1
Q9C0J8,R16-m2
Q9C0J8,R23-m2
Q9C0J8,R782-m1
Q9C0J8,R915-m2
Q9C0J8,R1035-m1
Q9C0J8,R1047-m1
Q9C0J8,R1144-m1
Q9C0J8,R1144-m2
Q9C0J8,R1146-m1
Q9C0J8,R1257-m1
Q9C0J8,R1262-m1
Q9C0J8,R1315-m1
Q9C0J8,R1315-m2
Q8NI36,R800-m1
Q8NI36,R800-m2
Q15061,K181-m1
Q96DI7,R21-m1
Q8WVS4,K487-m1
Q9NW82,R573-m1
Q6RFH5,K311-m1
Q6ZQQ6,K1394-m2
Q9NSI6-2,K1037-m1
Q8NDM7,R22-m1
Q8NDM7,K1482-m1
O96028,K443-m3
O43516,R33-m2
O43516,R134-m1
O43516,R149-m2
O43516,R211-m2
O43516,R226-m1
A6NGB9,R46-m2
Q8TF74,R37-m1
Q8TF74,R37-m2
Q8TF74,R356-m1
Q8TF74,R430-m1
O95785,K967-m1
O95785,K975-m1
O95785,K1112-m1
O95785,K1162-m2
O95785,K1162-m3
Q9Y3S1,R1631-m2
Q96J92,R124-m1
Q96J92,K226-m1
P09544,K229-m2
O14905,K184-m1
Q9UIG0,K175-m2
Q9UIG0,K181-m2
Q6AWC2,R707-m2
P47989,K443-m1
Q9Y5Y7,K298-m1
Q9UBH6,R273-m2
Q8IZH2,R939-m1
Q9H0D6,R120-m2
Q9H0D6,R816-m1
Q9H0D6,R824-m1
Q9H0D6,R824-m2
Q9H0D6,R847-m1
Q9H0D6,R847-m2
Q9H0D6,R851-m1
Q9H0D6,R851-m2
Q9H0D6,R864-m1
Q9H0D6,R864-m2
Q9H0D6,R870-m2
Q9H0D6,R870-m1
Q9H0D6,R880-m2
Q9H0D6,R880-m1
Q9H0D6,R883-m1
Q9H0D6,R895-m1
Q9H0D6,R921-m1
Q9H0D6,R921-m2
Q9H0D6,R922-m2
Q9H0D6,R922-m1
Q9H0D6,R925-m2
Q9H0D6,R928-m2
Q9H0D6,R933-m1
Q9H0D6,R946-m2
Q9H0D6,R946-m1
Q9H1B5,R76-m1
Q8IY57,K94-m3
Q8IY57,K99-m3
P67809,R199-m1
P67809,R199-m2
P67809,R200-m1
P67809,R239-m1
Q86U90,R34-m1
Q9H6S0,R10-m2
Q9H6S0,R736-m1
Q9H6S0,R739-m1
Q8N4Q0,K174-m1
Q9NYL2,R670-m1
Q9NYL2,R683-m2
Q9NYL2,R693-m2
P49750,K540-m1
P49750,R563-m2
P49750,R563-m1
P49750,R566-m2
P49750,R566-m1
P49750,R571-m1
P49750,R589-m2
P49750,R594-m2
P49750,R599-m2
P49750,R601-m2
P49750,K613-m1
P49750,R619-m1
P49750,R619-m2
P49750,R636-m2
P49750,R636-m1
P49750,R1318-m1
P49750,R1332-m1
P49750,R1339-m1
P49750,R1563-m2
P49750,R1563-m1
P86452,K467-m1
P86452,K479-m1
Q96DT7,R126-m1
Q96DT7,R140-m1
O95625,R334-m2
Q8NAP3,K1082-m1
B2RXF5,K247-m1
P10074,R602-m1
P10074,R609-m1
P10074,R611-m1
O15062,R526-m1
Q96BR9,K298-m3
Q5T200,R66-m1
Q86VM9,R239-m1
Q86VM9,R875-m1
Q8IWR0,R334-m1
Q9NQZ6,K20-m3
Q9NQZ6,K28-m3
Q5TAX3,R1624-m1
Q9H5U6,R194-m2
Q8N3Z6,K403-m3
Q8N3Z6,K412-m3
Q9H0M4,R438-m2
Q9HCK1,K1957-m3
Q8WTX9,K292-m2
Q8IYP9,R268-m2
Q9C0B5,R617-m1
Q9H2Y7,K574-m1
Q6ZN57,K299-m3
Q96JP5,K174-m1
Q9HBF4,R753-m2
Q9HBF4,R765-m2
Q8N5A5,R370-m1
Q86YA3-6,K864-m3
Q86YA3-6,K866-m3
Q96PE6,R188-m2
Q8NF64,R245-m2
Q8NF64,R262-m2
P52736,K541-m1
P52746,R1050-m1
O15231,R295-m1
O43670,R468-m2
O43670,R477-m2
Q13398,K348-m1
Q13398,R416-m1
Q13398,R417-m1
P17028,K361-m1
Q5VZL5,R600-m2
Q14586,R568-m1
Q96GC6,R309-m1
Q9BRR0,K82-m1
Q5VUA4,R107-m1
Q9P2F9,K496-m3
Q5BKZ1,R149-m1
Q5BKZ1,R173-m1
Q5BKZ1,R175-m2
Q5BKZ1,R175-m1
Q5BKZ1,R188-m1
Q5BKZ1,R200-m2
Q5BKZ1,R202-m2
Q5BKZ1,R204-m2
Q5BKZ1,R235-m1
Q5BKZ1,R235-m2
Q5BKZ1,K238-m2
Q9Y3M9,K733-m1
Q14585,R79-m1
Q9Y4L5,K26-m2
Q8N895,K316-m2
Q9H9D4,R512-m2
P51814,K656-m2
Q96B54,R75-m1
Q9NX65,K416-m1
Q9NX65,K420-m1
Q9NX65,K421-m1
I3L2L7,K400-m1
I3L2L7,K421-m1
Q9H7R0,K570-m1
Q9Y2A4,K539-m2
Q6P9G9,K315-m2
Q9Y4E5,R158-m1
Q96JM2,K674-m1
Q96JM2,K2004-m1
Q96JG9,K3673-m3
Q8TF39,K336-m2
Q8TF39,K337-m1
Q8TF39,K350-m1
Q8TF39,K352-m1
Q8N8L2,K73-m3
Q8TBZ5,R511-m1
Q96F45,R636-m1
Q8TCN5,K446-m1
Q8NB15-2,R240-m1
Q92618,R1086-m2
Q9C0D4,K282-m1
Q86UE3,R517-m1
Q96MX3,K147-m3
Q96MX3,K157-m3
Q96MR9,K263-m1
Q6ZN55,R832-m2
Q6ZN55,R832-m1
Q8NAF0,R32-m1
Q8NAF0,R34-m1
Q8NAF0,R92-m1
Q96NG8,R303-m1
Q96NG8,R415-m1
Q86UK7,R324-m1
Q9ULD9,R471-m2
Q08AN1,K435-m2
Q08AN1,K438-m2
Q96I27,R32-m2
Q96I27,R48-m2
Q14966,R33-m2
Q14966,R41-m2
Q14966,R47-m2
Q14966,R49-m2
Q14966,R54-m2
Q14966,R68-m2
Q9H582,R446-m2
Q9H582,K1023-m2
Q9BS34,K204-m1
Q96CS4,R336-m1
Q8N1W2,K358-m2
Q8N859,K411-m2
Q8TF20,R527-m1
Q8TF20,R835-m1
Q9H5H4,R253-m1
Q9H5H4,R272-m1
O75290,K521-m1
O75290,K527-m1
Q9Y6R6,R717-m1
C9J9J2,R345-m1
C9J9J2,R359-m1
Q3KQV3,K467-m1
Q2TB10,R547-m1
Q7Z570,K119-m2
Q7Z570,K125-m2
Q7Z570,K771-m2
Q5CZA5,R140-m2
B7Z6K7,R592-m1
B7Z6K7,R596-m1
O75541,K330-m1
A6NDX5,R37-m1
Q8N446,K34-m1
Q147U1,K140-m1
Q147U1,K149-m1
Q147U1,K252-m2
Q147U1,K257-m2
Q147U1,K261-m2
P62633,R25-m2
P62633,R27-m2
P62633,R30-m1
P62633,R32-m1
P62633,R34-m1
P62633,R79-m1
P62633-2,R32-m2
P62633-2,R32-m1
P62633-2,R34-m2
P62633-2,R34-m1
P62633-4,R80-m1
Q03936,K454-m2
Q9P2E3,R44-m1
O95049,R518-m1
Q8TBC5,R75-m2
Q9Y5A6,R275-m1
Q9Y5A6,R276-m1
Q9Y5A6,R380-m1
Q9BUG6,K256-m3
A7E2V4,R1120-m1
Q15942,K25-m2