P31946,T2-p
P31946,S6-p
P31946,Y21-p
P31946,T32-p
P31946,S39-p
P31946,S47-p
P31946,Y50-p
P31946,S59-p
P31946,S60-p
P31946,Y106-p
P31946,S116-p
P31946,Y120-p
P31946,Y127-p
P31946,Y130-p
P31946,S132-p
P31946,S136-p
P31946,Y151-p
P31946,Y180-p
P31946,S186-p
P31946,T207-p
P31946,S216-p
P31946,T217-p
P31946,T228-p
P31946,T231-p
P31946,S232-p
P62258,T38-p
P62258,S46-p
P62258,Y49-p
P62258,S64-p
P62258,S65-p
P62258,T91-p
P62258,Y122-p
P62258,Y131-p
P62258,S148-p
P62258,Y181-p
P62258,T208-p
P62258,S210-p
P62258,S213-p
P62258,Y214-p
P62258,S217-p
P62258,T218-p
P62258,T232-p
P62258,S233-p
Q04917,S25-p
Q04917,S38-p
Q04917,S46-p
Q04917,Y49-p
Q04917,S59-p
Q04917,S119-p
Q04917,Y123-p
Q04917,Y130-p
Q04917,Y131-p
Q04917,T168-p
Q04917,Y216-p
Q04917,S219-p
Q04917,T220-p
P61981,Y20-p
P61981,T31-p
P61981,S38-p
P61981,S46-p
P61981,Y49-p
P61981,S59-p
P61981,S65-p
P61981,S71-p
P61981,T115-p
P61981,Y117-p
P61981,S119-p
P61981,Y130-p
P61981,Y131-p
P61981,Y133-p
P61981,T139-p
P61981,S155-p
P61981,T168-p
P61981,Y179-p
P61981,S180-p
P61981,T199-p
P61981,Y216-p
P61981,S219-p
P61981,T220-p
P61981,T234-p
P61981,S235-p
P31947,S5-p
P31947,Y19-p
P31947,S45-p
P31947,Y48-p
P31947,S63-p
P31947,S64-p
P31947,S69-p
P31947,S74-p
P31947,S116-p
P31947,Y127-p
P31947,Y128-p
P31947,S146-p
P31947,S149-p
P31947,Y151-p
P31947,S186-p
P31947,S216-p
P31947,T217-p
P31947,S248-p